ID,Date,Machine,Type_Maintenance,Equipement,Duree_Maintenance_h,Cout_Maintenance_MAD,Technicien,Piece_Remplacee,Statut,Saisi_Par,Date_Saisie
1,2025-01-02,M-15,Préventive,Presse,6.3,5882.18,TECH-11,Capteur,Terminée,import_initial,
2,2025-01-02,M-13,Corrective,Presse,8.2,7604.64,TECH-05,Capteur,Terminée,import_initial,
3,2025-01-02,M-20,Préventive,Robot,2.4,5782.2,TECH-01,Capteur,Terminée,import_initial,
4,2025-01-02,M-11,Corrective,Compresseur,1.3,6414.36,TECH-09,Roulement,Terminée,import_initial,
5,2025-01-02,M-08,Corrective,Pompe,7.9,6484.35,TECH-13,Joint,Terminée,import_initial,
6,2025-01-03,M-04,Corrective,Moteur,9.2,1877.38,TECH-11,Filtre,Planifiée,import_initial,
7,2025-01-03,M-18,Corrective,Compresseur,3.5,2857.2,TECH-02,Courroie,Terminée,import_initial,
8,2025-01-03,M-03,Préventive,Presse,10.5,378.21,TECH-11,Joint,En cours,import_initial,
9,2025-01-03,M-20,Préventive,Compresseur,0.5,1641.98,TECH-05,Joint,Terminée,import_initial,
10,2025-01-04,M-14,Corrective,Moteur,1.2,2602.24,TECH-09,Roulement,En cours,import_initial,
11,2025-01-05,M-02,Corrective,Convoyeur,11.3,3853.52,TECH-11,Joint,Terminée,import_initial,
12,2025-01-05,M-16,Préventive,Convoyeur,5.5,4897.28,TECH-11,Filtre,Planifiée,import_initial,
13,2025-01-06,M-06,Corrective,Pompe,7.0,6586.1,TECH-03,Courroie,Terminée,import_initial,
14,2025-01-06,M-05,Corrective,Robot,3.9,4163.47,TECH-02,Roulement,Terminée,import_initial,
15,2025-01-06,M-02,Prédictive,Compresseur,5.6,5803.1,TECH-15,Courroie,Planifiée,import_initial,
16,2025-01-07,M-08,Prédictive,Compresseur,8.7,1244.27,TECH-02,Filtre,Terminée,import_initial,
17,2025-01-07,M-12,Préventive,Compresseur,5.7,3257.91,TECH-08,Filtre,Terminée,import_initial,
18,2025-01-08,M-13,Préventive,Robot,7.8,6599.21,TECH-11,Filtre,Terminée,import_initial,
19,2025-01-08,M-01,Préventive,Moteur,9.4,2296.9,TECH-07,Courroie,Terminée,import_initial,
20,2025-01-08,M-20,Préventive,Convoyeur,6.9,4652.18,TECH-09,Courroie,Terminée,import_initial,
21,2025-01-09,M-20,Préventive,Robot,11.2,5017.88,TECH-12,Filtre,Terminée,import_initial,
22,2025-01-09,M-19,Préventive,Presse,5.9,4670.2,TECH-11,Aucune,Planifiée,import_initial,
23,2025-01-09,M-07,Prédictive,Convoyeur,0.6,6620.28,TECH-12,Aucune,Terminée,import_initial,
24,2025-01-09,M-03,Préventive,Convoyeur,9.7,7695.9,TECH-01,Joint,Planifiée,import_initial,
25,2025-01-10,M-05,Prédictive,Presse,11.0,5762.1,TECH-13,Roulement,Terminée,import_initial,
26,2025-01-10,M-06,Corrective,Presse,4.7,1239.98,TECH-07,Courroie,Planifiée,import_initial,
27,2025-01-11,M-20,Préventive,Compresseur,3.1,7374.84,TECH-05,Capteur,Terminée,import_initial,
28,2025-01-12,M-08,Préventive,Pompe,2.9,1850.67,TECH-09,Courroie,Terminée,import_initial,
29,2025-01-12,M-04,Préventive,Convoyeur,7.7,7291.88,TECH-08,Roulement,Terminée,import_initial,
30,2025-01-12,M-08,Prédictive,Compresseur,6.8,7799.37,TECH-07,Capteur,Terminée,import_initial,
31,2025-01-13,M-11,Corrective,Compresseur,8.9,2897.84,TECH-11,Aucune,Terminée,import_initial,
32,2025-01-13,M-04,Corrective,Moteur,2.1,6901.05,TECH-02,Courroie,Terminée,import_initial,
33,2025-01-14,M-20,Préventive,Moteur,2.8,3019.2,TECH-06,Aucune,Terminée,import_initial,
34,2025-01-14,M-02,Corrective,Compresseur,3.0,2723.56,TECH-02,Filtre,Terminée,import_initial,
35,2025-01-14,M-04,Corrective,Presse,11.6,1998.48,TECH-05,Aucune,Planifiée,import_initial,
36,2025-01-14,M-17,Prédictive,Pompe,1.7,1989.22,TECH-03,Filtre,Terminée,import_initial,
37,2025-01-15,M-16,Corrective,Presse,5.6,3540.93,TECH-10,Capteur,Terminée,import_initial,
38,2025-01-16,M-05,Corrective,Robot,9.0,7487.84,TECH-04,Capteur,Terminée,import_initial,
39,2025-01-16,M-06,Corrective,Compresseur,5.6,5673.72,TECH-05,Aucune,Terminée,import_initial,
40,2025-01-16,M-20,Prédictive,Compresseur,0.9,1722.13,TECH-02,Joint,Planifiée,import_initial,
41,2025-01-16,M-11,Préventive,Convoyeur,10.1,6010.82,TECH-04,Roulement,Terminée,import_initial,
42,2025-01-16,M-20,Corrective,Compresseur,8.5,6422.99,TECH-11,Courroie,Planifiée,import_initial,
43,2025-01-17,M-05,Préventive,Pompe,11.2,4234.79,TECH-15,Filtre,Terminée,import_initial,
44,2025-01-17,M-13,Corrective,Pompe,11.7,2591.85,TECH-04,Capteur,Terminée,import_initial,
45,2025-01-17,M-08,Corrective,Convoyeur,5.5,2329.93,TECH-03,Roulement,Planifiée,import_initial,
46,2025-01-18,M-17,Corrective,Robot,8.8,1522.33,TECH-05,,Terminée,import_initial,
47,2025-01-19,M-11,Corrective,Moteur,7.3,7035.83,TECH-14,Roulement,Terminée,import_initial,
48,2025-01-19,M-08,Prédictive,Pompe,2.3,1523.79,TECH-12,Capteur,Terminée,import_initial,
49,2025-01-19,M-09,Préventive,Presse,9.5,2580.77,TECH-01,Filtre,Terminée,import_initial,
50,2025-01-20,M-14,Préventive,Presse,6.8,2530.5,TECH-10,Roulement,Terminée,import_initial,
51,2025-01-20,M-18,Préventive,Convoyeur,1.8,6088.65,TECH-10,Joint,Terminée,import_initial,
52,2025-01-20,M-12,Préventive,Presse,11.7,2189.42,TECH-01,Capteur,Terminée,import_initial,
53,2025-01-21,M-05,Préventive,Convoyeur,11.1,6064.98,TECH-10,Aucune,Terminée,import_initial,
54,2025-01-21,M-12,Préventive,Convoyeur,6.0,2614.01,TECH-11,Aucune,Planifiée,import_initial,
55,2025-01-22,M-18,Prédictive,Compresseur,10.2,6894.55,TECH-13,Aucune,Terminée,import_initial,
56,2025-01-23,M-03,Prédictive,Convoyeur,3.6,2646.18,TECH-07,Aucune,Planifiée,import_initial,
57,2025-01-24,M-01,Prédictive,Presse,3.5,6100.47,TECH-15,Filtre,Terminée,import_initial,
58,2025-01-24,M-15,Corrective,Moteur,7.2,6393.29,TECH-05,Filtre,En cours,import_initial,
59,2025-01-25,M-01,Prédictive,Moteur,1.6,3704.26,TECH-01,Filtre,En cours,import_initial,
60,2025-01-25,M-12,Corrective,Pompe,0.8,7897.1,TECH-12,Roulement,Terminée,import_initial,
61,2025-01-25,M-15,Préventive,Compresseur,6.6,2740.69,TECH-15,Joint,Terminée,import_initial,
62,2025-01-26,M-15,Préventive,Presse,8.5,1382.54,TECH-10,Joint,Terminée,import_initial,
63,2025-01-27,M-17,Préventive,Compresseur,11.0,3689.76,TECH-12,Roulement,Terminée,import_initial,
64,2025-01-28,M-07,Préventive,Presse,8.0,6722.03,TECH-08,Courroie,Terminée,import_initial,
65,2025-01-29,M-18,Corrective,Moteur,6.9,7098.53,TECH-14,Filtre,Terminée,import_initial,
66,2025-01-29,M-11,Préventive,Compresseur,6.3,5882.59,TECH-11,Joint,En cours,import_initial,
67,2025-01-30,M-07,Prédictive,Compresseur,3.3,4056.92,TECH-06,Roulement,Terminée,import_initial,
68,2025-01-31,M-20,Préventive,Pompe,9.5,5778.6,TECH-10,Filtre,Terminée,import_initial,
69,2025-01-31,M-18,Corrective,Robot,2.1,7700.39,TECH-04,Aucune,Terminée,import_initial,
70,2025-01-31,M-10,Prédictive,Robot,7.3,4321.71,TECH-01,Joint,Planifiée,import_initial,
71,2025-01-31,M-09,Préventive,Convoyeur,4.7,7888.95,TECH-02,Capteur,Terminée,import_initial,
72,2025-02-01,M-18,Prédictive,Pompe,11.3,4047.99,TECH-12,Joint,Terminée,import_initial,
73,2025-02-01,M-13,Prédictive,Presse,3.6,1616.02,TECH-12,Courroie,Terminée,import_initial,
74,2025-02-01,M-13,Préventive,Compresseur,2.4,3475.14,TECH-03,Joint,Terminée,import_initial,
75,2025-02-01,M-08,Corrective,Compresseur,3.8,4247.68,TECH-06,Roulement,Terminée,import_initial,
76,2025-02-02,M-17,Préventive,Pompe,0.9,3400.12,TECH-07,Filtre,Terminée,import_initial,
77,2025-02-02,M-13,Corrective,Pompe,5.6,4944.97,TECH-12,Filtre,Planifiée,import_initial,
78,2025-02-02,M-12,Prédictive,Robot,2.7,1535.19,TECH-12,Aucune,Terminée,import_initial,
79,2025-02-02,M-04,Corrective,Presse,8.0,2346.4,TECH-02,Capteur,Terminée,import_initial,
80,2025-02-03,M-15,Corrective,Pompe,8.4,3866.78,TECH-10,Aucune,Terminée,import_initial,
81,2025-02-03,M-19,Prédictive,Convoyeur,1.7,1432.92,,Aucune,Terminée,import_initial,
82,2025-02-03,M-19,Préventive,Compresseur,10.2,4475.07,TECH-06,Courroie,Terminée,import_initial,
83,2025-02-03,M-16,Préventive,Presse,10.7,4851.04,TECH-15,Aucune,Terminée,import_initial,
84,2025-02-03,M-03,Corrective,Presse,9.1,5694.02,TECH-12,Aucune,Terminée,import_initial,
85,2025-02-04,M-06,Prédictive,Pompe,3.1,3050.35,TECH-07,Capteur,Terminée,import_initial,
86,2025-02-04,M-12,Corrective,Pompe,4.6,812.11,TECH-04,Joint,Terminée,import_initial,
87,2025-02-04,M-19,Prédictive,Pompe,8.5,6761.6,TECH-07,Roulement,Terminée,import_initial,
88,2025-02-04,M-20,Préventive,Convoyeur,3.0,3386.64,TECH-07,Joint,Terminée,import_initial,
89,2025-02-04,M-19,Préventive,Convoyeur,10.0,4360.11,TECH-04,Joint,En cours,import_initial,
90,2025-02-04,M-11,Préventive,Moteur,7.9,2332.88,TECH-02,,Terminée,import_initial,
91,2025-02-04,M-16,Préventive,Robot,11.8,2466.22,TECH-02,Capteur,Terminée,import_initial,
92,2025-02-04,M-20,Préventive,Presse,2.5,6873.49,TECH-10,Joint,En cours,import_initial,
93,2025-02-04,M-20,Corrective,Moteur,11.2,953.54,TECH-12,Courroie,Planifiée,import_initial,
94,2025-02-05,M-15,Corrective,Compresseur,11.9,6444.14,TECH-02,Joint,Planifiée,import_initial,
95,2025-02-05,M-17,Corrective,Pompe,4.3,3215.01,TECH-11,Joint,Terminée,import_initial,
96,2025-02-06,M-02,Corrective,Pompe,5.7,4993.63,TECH-15,Capteur,Terminée,import_initial,
97,2025-02-06,M-04,Préventive,Robot,2.1,1727.98,TECH-09,Filtre,Terminée,import_initial,
98,2025-02-07,M-12,Corrective,Moteur,8.5,2333.45,TECH-03,Aucune,Terminée,import_initial,
99,2025-02-07,M-13,Prédictive,Pompe,3.6,3687.94,TECH-11,Joint,Planifiée,import_initial,
100,2025-02-08,M-19,Préventive,Presse,8.7,4453.87,TECH-15,Filtre,Terminée,import_initial,
101,2025-02-08,M-13,Préventive,Compresseur,7.6,2975.47,TECH-09,Roulement,Terminée,import_initial,
102,2025-02-08,M-11,Préventive,Moteur,8.1,5874.78,TECH-13,Joint,Terminée,import_initial,
103,2025-02-08,M-11,Préventive,Convoyeur,11.0,3258.34,TECH-07,Courroie,Terminée,import_initial,
104,2025-02-08,M-06,Préventive,Pompe,1.7,6334.7,TECH-11,Courroie,Terminée,import_initial,
105,2025-02-09,M-18,Prédictive,Convoyeur,2.4,6415.62,TECH-07,Roulement,En cours,import_initial,
106,2025-02-09,M-09,Préventive,Convoyeur,10.6,5266.75,TECH-10,Joint,Terminée,import_initial,
107,2025-02-09,M-06,Préventive,Compresseur,8.3,5077.85,TECH-11,Aucune,Planifiée,import_initial,
108,2025-02-10,M-10,Préventive,Robot,0.8,2852.42,TECH-14,Roulement,Planifiée,import_initial,
109,2025-02-11,M-11,Corrective,Presse,10.0,5771.38,TECH-14,Roulement,Terminée,import_initial,
110,2025-02-11,M-10,Prédictive,Moteur,10.9,7719.62,TECH-11,Roulement,Terminée,import_initial,
111,2025-02-11,M-13,Prédictive,Moteur,10.3,4169.53,TECH-12,Joint,Planifiée,import_initial,
112,2025-02-12,M-03,Corrective,Presse,0.6,6797.65,TECH-04,Aucune,Terminée,import_initial,
113,2025-02-12,M-12,Préventive,Convoyeur,5.3,7601.63,TECH-06,Joint,Terminée,import_initial,
114,2025-02-12,M-16,Préventive,Compresseur,9.8,7001.09,TECH-05,Roulement,Terminée,import_initial,
115,2025-02-13,M-20,Corrective,Moteur,0.9,521.97,TECH-05,Capteur,Planifiée,import_initial,
116,2025-02-13,M-16,Corrective,Compresseur,8.5,4577.96,TECH-07,Filtre,Terminée,import_initial,
117,2025-02-13,M-15,Corrective,Moteur,8.5,1349.58,TECH-14,Roulement,Terminée,import_initial,
118,2025-02-13,M-03,Prédictive,Presse,4.4,3745.76,TECH-05,Aucune,Terminée,import_initial,
119,2025-02-13,M-17,Prédictive,Robot,7.2,5326.82,TECH-13,Roulement,Terminée,import_initial,
120,2025-02-13,M-04,Préventive,Presse,6.6,6875.38,TECH-06,Filtre,Terminée,import_initial,
121,2025-02-13,M-12,Prédictive,Pompe,8.0,897.58,TECH-06,Joint,Terminée,import_initial,
122,2025-02-14,M-01,Préventive,Compresseur,3.7,4981.81,TECH-15,Filtre,Terminée,import_initial,
123,2025-02-14,M-09,Corrective,Moteur,10.3,4427.07,TECH-03,Roulement,En cours,import_initial,
124,2025-02-14,M-20,Préventive,Presse,1.6,1168.59,TECH-05,Filtre,Terminée,import_initial,
125,2025-02-14,M-05,Préventive,Presse,3.1,458.66,TECH-11,Roulement,Terminée,import_initial,
126,2025-02-15,M-19,Prédictive,Convoyeur,2.4,1450.22,TECH-06,Capteur,Terminée,import_initial,
127,2025-02-15,M-03,Prédictive,Robot,5.9,2218.86,TECH-09,Roulement,Terminée,import_initial,
128,2025-02-16,M-12,Prédictive,Compresseur,7.0,7656.07,TECH-14,,Terminée,import_initial,
129,2025-02-16,M-03,Préventive,Presse,5.0,1394.46,TECH-13,Roulement,Planifiée,import_initial,
130,2025-02-16,M-10,Corrective,Moteur,3.1,1501.54,TECH-12,Capteur,Terminée,import_initial,
131,2025-02-16,M-13,Préventive,Moteur,6.4,5160.55,TECH-03,Filtre,En cours,import_initial,
132,2025-02-17,M-11,Prédictive,Robot,10.0,3649.0,TECH-10,Aucune,Planifiée,import_initial,
133,2025-02-17,M-08,Corrective,Moteur,10.6,1010.64,TECH-03,Joint,Terminée,import_initial,
134,2025-02-17,M-19,Préventive,Presse,11.2,6007.52,TECH-02,Joint,Terminée,import_initial,
135,2025-02-17,M-12,Préventive,Moteur,10.6,432.8,TECH-06,Filtre,Terminée,import_initial,
136,2025-02-18,M-19,Prédictive,Convoyeur,9.2,3991.47,TECH-14,Courroie,Terminée,import_initial,
137,2025-02-18,M-19,Préventive,Presse,9.9,1648.45,TECH-03,Filtre,Terminée,import_initial,
138,2025-02-18,M-15,Prédictive,Compresseur,7.4,3757.45,TECH-05,Filtre,Terminée,import_initial,
139,2025-02-18,M-16,Prédictive,Presse,8.2,3183.04,TECH-02,Roulement,Terminée,import_initial,
140,2025-02-19,M-07,Corrective,Robot,8.6,5005.54,TECH-04,Roulement,Planifiée,import_initial,
141,2025-02-19,M-07,Corrective,Presse,9.2,2550.82,TECH-04,Joint,Planifiée,import_initial,
142,2025-02-20,M-02,Préventive,Convoyeur,3.7,1576.58,TECH-13,Filtre,Terminée,import_initial,
143,2025-02-20,M-01,Corrective,Pompe,3.5,1149.98,TECH-14,Filtre,Terminée,import_initial,
144,2025-02-21,M-14,Prédictive,Presse,3.3,1385.96,TECH-02,Filtre,Terminée,import_initial,
145,2025-02-21,M-07,Corrective,Compresseur,11.7,1168.37,TECH-05,Capteur,Terminée,import_initial,
146,2025-02-21,M-14,Préventive,Moteur,9.8,7494.51,TECH-07,Joint,Terminée,import_initial,
147,2025-02-21,M-20,Préventive,Robot,3.6,3945.87,TECH-09,Courroie,Terminée,import_initial,
148,2025-02-21,M-12,Corrective,Moteur,10.4,1403.95,TECH-01,Joint,Planifiée,import_initial,
149,2025-02-21,M-02,Préventive,Moteur,11.4,6375.67,TECH-11,Courroie,Terminée,import_initial,
150,2025-02-21,M-11,Prédictive,Compresseur,1.6,1807.87,TECH-05,Capteur,Terminée,import_initial,
151,2025-02-21,M-09,Préventive,Compresseur,11.4,3590.78,TECH-05,Aucune,Terminée,import_initial,
152,2025-02-22,M-09,Préventive,Presse,5.1,1943.23,TECH-03,Roulement,En cours,import_initial,
153,2025-02-22,M-18,Préventive,Pompe,1.2,7067.68,TECH-06,Filtre,Terminée,import_initial,
154,2025-02-22,M-02,Préventive,Pompe,3.3,3871.34,TECH-12,Roulement,Terminée,import_initial,
155,2025-02-22,M-03,Préventive,Moteur,10.4,5353.93,TECH-08,Aucune,Terminée,import_initial,
156,2025-02-22,M-02,Prédictive,Pompe,9.7,2848.96,TECH-05,Courroie,Terminée,import_initial,
157,2025-02-23,M-12,Préventive,Presse,6.9,4040.88,TECH-09,Capteur,Terminée,import_initial,
158,2025-02-23,M-15,Corrective,Presse,9.0,1668.08,TECH-08,Joint,Planifiée,import_initial,
159,2025-02-23,M-18,Préventive,Moteur,6.9,1326.19,TECH-09,Capteur,Terminée,import_initial,
160,2025-02-24,M-20,Préventive,Convoyeur,2.3,7914.26,TECH-01,Filtre,Terminée,import_initial,
161,2025-02-24,M-12,Corrective,Convoyeur,4.2,2004.88,TECH-01,Joint,Terminée,import_initial,
162,2025-02-25,M-07,Corrective,Robot,8.1,6463.69,TECH-11,Roulement,Terminée,import_initial,
163,2025-02-25,M-19,Préventive,Convoyeur,2.0,2149.96,TECH-06,Aucune,Terminée,import_initial,
164,2025-02-25,M-19,Préventive,Compresseur,10.3,1492.38,TECH-04,Filtre,Terminée,import_initial,
165,2025-02-25,M-19,Préventive,Robot,10.7,5493.37,TECH-13,Joint,Terminée,import_initial,
166,2025-02-26,M-16,Préventive,Convoyeur,3.5,7417.86,TECH-04,Joint,Terminée,import_initial,
167,2025-02-26,M-01,Préventive,Convoyeur,8.6,3232.89,TECH-09,Aucune,Planifiée,import_initial,
168,2025-02-26,M-17,Corrective,Compresseur,5.7,3454.16,TECH-02,Capteur,Terminée,import_initial,
169,2025-02-26,M-17,Corrective,Moteur,6.9,3852.08,TECH-01,Capteur,En cours,import_initial,
170,2025-02-26,M-19,Corrective,Presse,3.4,5176.94,,Capteur,Terminée,import_initial,
171,2025-02-27,M-15,Préventive,Compresseur,5.9,6431.57,TECH-08,Joint,Terminée,import_initial,
172,2025-02-27,M-09,Préventive,Robot,9.6,6163.36,TECH-09,Roulement,Planifiée,import_initial,
173,2025-02-27,M-08,Préventive,Robot,4.3,6655.59,TECH-09,Aucune,Terminée,import_initial,
174,2025-02-28,M-04,Préventive,Presse,9.9,4636.4,TECH-10,Aucune,Terminée,import_initial,
175,2025-02-28,M-20,Prédictive,Presse,1.4,3303.34,TECH-03,Courroie,Terminée,import_initial,
176,2025-02-28,M-19,Préventive,Presse,8.4,7687.77,TECH-07,Capteur,Planifiée,import_initial,
177,2025-03-02,M-13,Préventive,Presse,4.2,,TECH-10,Courroie,En cours,import_initial,
178,2025-03-02,M-08,Corrective,Pompe,1.3,1159.42,TECH-15,Roulement,Planifiée,import_initial,
179,2025-03-02,M-12,Préventive,Compresseur,4.8,2373.95,TECH-10,Courroie,En cours,import_initial,
180,2025-03-02,M-01,Préventive,Moteur,1.2,2937.22,TECH-05,Roulement,Terminée,import_initial,
181,2025-03-02,M-15,Préventive,Pompe,6.3,7127.04,TECH-12,Joint,Planifiée,import_initial,
182,2025-03-02,M-19,Corrective,Presse,4.3,7113.26,TECH-04,Aucune,Terminée,import_initial,
183,2025-03-02,M-03,Préventive,Pompe,3.2,2881.9,TECH-01,Filtre,Terminée,import_initial,
184,2025-03-03,M-14,Préventive,Convoyeur,11.0,980.64,TECH-06,Filtre,Terminée,import_initial,
185,2025-03-03,M-08,Préventive,Convoyeur,1.2,7362.56,TECH-10,Joint,Terminée,import_initial,
186,2025-03-04,M-04,Corrective,Robot,8.0,4973.26,TECH-11,Capteur,Terminée,import_initial,
187,2025-03-04,M-19,Préventive,Pompe,11.1,2716.32,TECH-05,Courroie,Planifiée,import_initial,
188,2025-03-05,M-02,Corrective,Moteur,8.6,4163.75,TECH-13,Joint,Planifiée,import_initial,
189,2025-03-05,M-04,Préventive,Presse,3.4,3098.51,TECH-15,Courroie,Terminée,import_initial,
190,2025-03-05,M-11,Corrective,Convoyeur,8.3,7433.61,TECH-03,Joint,Terminée,import_initial,
191,2025-03-05,M-12,Préventive,Convoyeur,5.6,7408.5,TECH-06,Aucune,Planifiée,import_initial,
192,2025-03-06,M-06,Préventive,Moteur,10.8,6091.82,TECH-05,Roulement,Terminée,import_initial,
193,2025-03-06,M-08,Préventive,Robot,1.4,7679.49,TECH-09,Courroie,Planifiée,import_initial,
194,2025-03-06,M-13,Préventive,Presse,11.8,4261.69,TECH-03,Joint,Terminée,import_initial,
195,2025-03-07,M-11,Corrective,Presse,11.8,5357.02,TECH-11,Aucune,Terminée,import_initial,
196,2025-03-07,M-15,Préventive,Presse,9.3,2004.7,TECH-01,Capteur,Terminée,import_initial,
197,2025-03-07,M-05,Préventive,Compresseur,3.1,816.14,TECH-10,Joint,Terminée,import_initial,
198,2025-03-08,M-18,Prédictive,Convoyeur,4.7,1010.8,TECH-12,Joint,Terminée,import_initial,
199,2025-03-08,M-16,Corrective,Robot,7.1,3541.91,TECH-14,Capteur,Terminée,import_initial,
200,2025-03-08,M-09,Prédictive,Moteur,8.8,4148.01,TECH-11,Roulement,Terminée,import_initial,
201,2025-03-08,M-19,Prédictive,Pompe,10.7,4751.18,TECH-15,Courroie,Terminée,import_initial,
202,2025-03-08,M-18,Préventive,Convoyeur,2.0,560.41,TECH-04,Joint,En cours,import_initial,
203,2025-03-10,M-02,Préventive,Robot,10.1,3688.29,TECH-05,Joint,En cours,import_initial,
204,2025-03-11,M-05,Corrective,Presse,6.9,1252.53,TECH-02,Courroie,Terminée,import_initial,
205,2025-03-12,M-09,Préventive,Convoyeur,11.4,1360.81,TECH-15,Capteur,Terminée,import_initial,
206,2025-03-12,M-04,Prédictive,Convoyeur,6.0,2621.8,TECH-13,Courroie,Terminée,import_initial,
207,2025-03-13,M-14,Prédictive,Pompe,2.8,3290.52,TECH-08,Capteur,Planifiée,import_initial,
208,2025-03-13,M-06,Préventive,Robot,10.3,7969.6,TECH-14,Aucune,Planifiée,import_initial,
209,2025-03-13,M-08,Préventive,Compresseur,6.2,4492.61,TECH-09,Joint,Terminée,import_initial,
210,2025-03-13,M-02,Préventive,Robot,9.3,1211.96,TECH-04,Joint,En cours,import_initial,
211,2025-03-14,M-17,Préventive,Robot,7.3,4546.45,TECH-10,Aucune,Terminée,import_initial,
212,2025-03-14,M-07,Préventive,Moteur,10.7,345.84,TECH-14,Roulement,Terminée,import_initial,
213,2025-03-14,M-10,Préventive,Robot,8.2,1170.7,TECH-02,Courroie,Terminée,import_initial,
214,2025-03-15,M-02,Préventive,Pompe,4.6,3588.51,TECH-13,Aucune,Terminée,import_initial,
215,2025-03-15,M-14,Corrective,Convoyeur,5.2,3536.17,TECH-05,Joint,Planifiée,import_initial,
216,2025-03-15,M-16,Prédictive,Presse,4.8,6390.97,TECH-11,Aucune,Terminée,import_initial,
217,2025-03-15,M-05,Préventive,Robot,0.9,1082.8,TECH-03,Roulement,Terminée,import_initial,
218,2025-03-15,M-12,Préventive,Compresseur,8.7,3261.42,TECH-05,Capteur,Terminée,import_initial,
219,2025-03-15,M-15,Corrective,Pompe,6.6,5498.78,TECH-01,Aucune,En cours,import_initial,
220,2025-03-18,M-18,Prédictive,Presse,2.4,677.23,TECH-06,Filtre,Terminée,import_initial,
221,2025-03-20,M-07,Corrective,Robot,9.2,387.15,TECH-05,Courroie,En cours,import_initial,
222,2025-03-21,M-15,Corrective,Convoyeur,6.5,,TECH-05,Roulement,Terminée,import_initial,
223,2025-03-21,M-17,Préventive,Pompe,3.8,7759.43,TECH-04,Roulement,Terminée,import_initial,
224,2025-03-23,M-08,Corrective,Compresseur,4.2,5455.89,TECH-15,Joint,Terminée,import_initial,
225,2025-03-24,M-02,Préventive,Presse,5.5,5288.37,TECH-03,Roulement,Terminée,import_initial,
226,2025-03-24,M-04,Préventive,Convoyeur,10.4,2164.91,TECH-03,Aucune,Terminée,import_initial,
227,2025-03-24,M-04,Corrective,Convoyeur,7.9,279.46,TECH-05,Courroie,Planifiée,import_initial,
228,2025-03-25,M-12,Prédictive,Convoyeur,2.2,3875.06,TECH-05,Roulement,Terminée,import_initial,
229,2025-03-25,M-20,Préventive,Presse,5.2,2358.32,TECH-04,Courroie,Terminée,import_initial,
230,2025-03-26,M-18,Préventive,Compresseur,3.3,713.9,TECH-12,Courroie,Terminée,import_initial,
231,2025-03-26,M-04,Prédictive,Compresseur,9.0,4428.12,,Roulement,Terminée,import_initial,
232,2025-03-26,M-20,Corrective,Compresseur,2.7,1347.64,TECH-08,Filtre,Terminée,import_initial,
233,2025-03-27,M-04,Préventive,Presse,10.2,4098.91,TECH-15,Roulement,Planifiée,import_initial,
234,2025-03-27,M-16,Corrective,Robot,9.7,3206.27,TECH-06,Joint,Terminée,import_initial,
235,2025-03-28,M-14,Préventive,Robot,5.8,2275.32,TECH-03,Aucune,Terminée,import_initial,
236,2025-03-28,M-14,Corrective,Robot,9.1,4955.95,TECH-14,Capteur,Planifiée,import_initial,
237,2025-03-28,M-09,Corrective,Compresseur,3.7,7810.77,TECH-09,Courroie,Terminée,import_initial,
238,2025-03-28,M-10,Préventive,Compresseur,5.6,6344.77,TECH-14,Aucune,Planifiée,import_initial,
239,2025-03-29,M-04,Corrective,Moteur,4.3,557.83,TECH-04,Aucune,Terminée,import_initial,
240,2025-03-29,M-17,Préventive,Convoyeur,1.5,6975.24,TECH-02,Aucune,Planifiée,import_initial,
241,2025-03-29,M-08,Prédictive,Moteur,10.3,6711.98,TECH-15,Courroie,Terminée,import_initial,
242,2025-03-29,M-20,Prédictive,Moteur,3.7,7526.8,TECH-13,Filtre,Planifiée,import_initial,
243,2025-03-29,M-18,Prédictive,Convoyeur,4.3,3789.46,TECH-04,Capteur,Planifiée,import_initial,
244,2025-03-29,M-12,Préventive,Moteur,3.4,4978.81,TECH-07,Roulement,En cours,import_initial,
245,2025-03-31,M-05,Prédictive,Robot,2.9,2413.84,TECH-10,Filtre,Terminée,import_initial,
246,2025-03-31,M-19,Préventive,Presse,0.8,3532.45,TECH-02,Joint,Terminée,import_initial,
247,2025-03-31,M-08,Préventive,Compresseur,11.4,948.88,TECH-01,Courroie,Terminée,import_initial,
248,2025-03-31,M-08,Préventive,Robot,6.9,7624.78,TECH-05,Joint,Terminée,import_initial,
249,2025-03-31,M-15,Préventive,Pompe,10.0,2666.58,TECH-06,Joint,Terminée,import_initial,
250,2025-04-01,M-08,Préventive,Pompe,2.3,4798.83,TECH-01,Roulement,Terminée,import_initial,
251,2025-04-01,M-10,Préventive,Convoyeur,1.8,1346.86,TECH-08,Capteur,Planifiée,import_initial,
252,2025-04-02,M-16,Préventive,Pompe,2.3,4777.62,TECH-07,Aucune,Terminée,import_initial,
253,2025-04-02,M-13,Préventive,Presse,2.6,5607.44,TECH-09,Filtre,Terminée,import_initial,
254,2025-04-02,M-06,Corrective,Robot,1.6,4712.79,TECH-01,Aucune,En cours,import_initial,
255,2025-04-03,M-10,Corrective,Robot,1.2,167.55,TECH-11,Roulement,Planifiée,import_initial,
256,2025-04-03,M-14,Corrective,Robot,5.0,4225.26,TECH-10,Capteur,Terminée,import_initial,
257,2025-04-04,M-17,Corrective,Robot,11.8,6676.19,TECH-01,Roulement,Terminée,import_initial,
258,2025-04-04,M-20,Corrective,Convoyeur,7.3,4140.5,TECH-01,Aucune,Planifiée,import_initial,
259,2025-04-06,M-13,Corrective,Moteur,11.7,,TECH-12,Courroie,En cours,import_initial,
260,2025-04-06,M-11,Préventive,Robot,0.5,3435.9,TECH-11,Joint,Terminée,import_initial,
261,2025-04-07,M-06,Préventive,Pompe,2.5,3596.43,TECH-06,Capteur,Terminée,import_initial,
262,2025-04-08,M-11,Corrective,Convoyeur,8.2,6941.69,TECH-07,Courroie,Terminée,import_initial,
263,2025-04-08,M-19,Préventive,Presse,5.9,1351.84,TECH-15,Roulement,Terminée,import_initial,
264,2025-04-08,M-18,Corrective,Robot,1.4,2699.45,TECH-15,Aucune,Terminée,import_initial,
265,2025-04-09,M-07,Préventive,Moteur,4.2,2419.46,TECH-10,Courroie,Terminée,import_initial,
266,2025-04-09,M-18,Préventive,Pompe,1.4,1418.39,TECH-13,Filtre,En cours,import_initial,
267,2025-04-09,M-09,Préventive,Compresseur,3.6,4718.69,TECH-08,Aucune,Terminée,import_initial,
268,2025-04-09,M-01,Prédictive,Pompe,3.9,4144.03,TECH-04,Aucune,En cours,import_initial,
269,2025-04-10,M-03,Corrective,Robot,3.1,6684.08,TECH-04,Courroie,Terminée,import_initial,
270,2025-04-11,M-15,Préventive,Compresseur,1.8,817.05,TECH-09,Capteur,Planifiée,import_initial,
271,2025-04-11,M-19,Corrective,Moteur,7.1,6554.29,TECH-02,Filtre,En cours,import_initial,
272,2025-04-11,M-12,Corrective,Moteur,1.5,4376.39,TECH-01,Filtre,Terminée,import_initial,
273,2025-04-12,M-13,Préventive,Moteur,10.7,5299.97,TECH-03,Joint,Terminée,import_initial,
274,2025-04-12,M-07,Prédictive,Compresseur,9.9,309.03,TECH-09,Capteur,En cours,import_initial,
275,2025-04-12,M-09,Préventive,Pompe,0.6,1362.39,TECH-15,Aucune,Terminée,import_initial,
276,2025-04-12,M-06,Corrective,Compresseur,6.6,6943.64,TECH-13,Aucune,Terminée,import_initial,
277,2025-04-13,M-11,Prédictive,Convoyeur,5.3,1800.01,TECH-03,Courroie,Terminée,import_initial,
278,2025-04-13,M-18,Préventive,Moteur,1.0,633.52,TECH-14,Courroie,Terminée,import_initial,
279,2025-04-13,M-01,Corrective,Moteur,7.7,1197.94,TECH-14,Courroie,Terminée,import_initial,
280,2025-04-14,M-04,Corrective,Presse,3.1,4437.2,TECH-10,Courroie,Terminée,import_initial,
281,2025-04-14,M-15,Corrective,Compresseur,9.9,3444.32,TECH-03,Courroie,Terminée,import_initial,
282,2025-04-14,M-11,Corrective,Moteur,8.3,3409.96,TECH-13,Capteur,Terminée,import_initial,
283,2025-04-14,M-10,Préventive,Convoyeur,7.6,6584.95,TECH-14,Filtre,Terminée,import_initial,
284,2025-04-15,M-03,Préventive,Robot,10.6,2468.32,TECH-02,Filtre,Terminée,import_initial,
285,2025-04-16,M-04,Préventive,Compresseur,7.6,835.62,TECH-09,Courroie,Terminée,import_initial,
286,2025-04-16,M-09,Préventive,Presse,4.4,1150.3,TECH-15,Aucune,Planifiée,import_initial,
287,2025-04-16,M-06,Préventive,Compresseur,4.1,1777.88,TECH-14,Filtre,Planifiée,import_initial,
288,2025-04-16,M-09,Préventive,Pompe,7.0,2016.06,TECH-09,Filtre,Terminée,import_initial,
289,2025-04-16,M-02,Préventive,Convoyeur,11.0,7981.75,TECH-04,Capteur,Terminée,import_initial,
290,2025-04-16,M-03,Corrective,Moteur,6.2,7155.98,TECH-10,Courroie,Terminée,import_initial,
291,2025-04-17,M-03,Corrective,Compresseur,5.5,5195.39,TECH-03,Capteur,Terminée,import_initial,
292,2025-04-18,M-05,Préventive,Pompe,11.6,3313.26,TECH-08,Courroie,En cours,import_initial,
293,2025-04-18,M-19,Préventive,Robot,9.1,1744.72,TECH-13,Filtre,Terminée,import_initial,
294,2025-04-18,M-08,Prédictive,Presse,2.4,7528.0,TECH-15,Aucune,En cours,import_initial,
295,2025-04-19,M-13,Prédictive,Compresseur,1.2,6869.37,TECH-09,Filtre,Terminée,import_initial,
296,2025-04-19,M-18,Prédictive,Presse,0.9,5334.62,TECH-02,Capteur,Planifiée,import_initial,
297,2025-04-20,M-09,Préventive,Pompe,1.7,843.86,TECH-03,Aucune,Terminée,import_initial,
298,2025-04-20,M-03,Corrective,Convoyeur,10.6,1234.12,TECH-04,Capteur,Terminée,import_initial,
299,2025-04-20,M-10,Préventive,Convoyeur,9.9,3028.93,TECH-01,Courroie,Terminée,import_initial,
300,2025-04-20,M-11,Préventive,Compresseur,3.1,1607.41,TECH-07,Roulement,Terminée,import_initial,
301,2025-04-20,M-17,Préventive,Robot,5.6,7259.1,TECH-03,Courroie,Terminée,import_initial,
302,2025-04-21,M-01,Corrective,Robot,6.4,3144.07,TECH-04,Aucune,Planifiée,import_initial,
303,2025-04-21,M-10,Corrective,Convoyeur,4.2,5753.81,TECH-08,Capteur,Terminée,import_initial,
304,2025-04-21,M-06,Corrective,Presse,4.3,5378.88,TECH-11,Joint,Terminée,import_initial,
305,2025-04-21,M-02,Préventive,Robot,5.4,635.22,TECH-01,Filtre,Terminée,import_initial,
306,2025-04-22,M-13,Préventive,Moteur,6.9,7793.26,TECH-07,Roulement,Terminée,import_initial,
307,2025-04-22,M-20,Prédictive,Pompe,9.0,6424.93,TECH-11,Capteur,Planifiée,import_initial,
308,2025-04-23,M-06,Préventive,Presse,8.6,6396.99,TECH-10,Filtre,Planifiée,import_initial,
309,2025-04-24,M-09,Corrective,Robot,5.8,3397.88,TECH-10,Joint,Terminée,import_initial,
310,2025-04-24,M-01,Préventive,Compresseur,2.1,7583.1,TECH-14,Roulement,Planifiée,import_initial,
311,2025-04-24,M-06,Préventive,Convoyeur,5.3,1659.67,TECH-12,Joint,Terminée,import_initial,
312,2025-04-25,M-17,Préventive,Robot,10.6,1686.81,TECH-11,Roulement,Terminée,import_initial,
313,2025-04-25,M-20,Corrective,Robot,2.4,3951.08,TECH-08,Filtre,Terminée,import_initial,
314,2025-04-25,M-19,Prédictive,Pompe,4.2,1796.62,TECH-15,Filtre,Terminée,import_initial,
315,2025-04-25,M-08,Corrective,Pompe,9.7,313.18,TECH-09,Joint,Planifiée,import_initial,
316,2025-04-26,M-10,Corrective,Compresseur,4.0,5319.44,TECH-03,Filtre,Terminée,import_initial,
317,2025-04-26,M-10,Corrective,Compresseur,6.0,4334.37,TECH-11,Roulement,Terminée,import_initial,
318,2025-04-26,M-09,Préventive,Presse,2.6,7495.12,TECH-10,Roulement,Terminée,import_initial,
319,2025-04-26,M-05,Corrective,Robot,9.1,1029.98,TECH-06,Courroie,Terminée,import_initial,
320,2025-04-26,M-10,Préventive,Moteur,6.9,2170.49,TECH-12,Capteur,Terminée,import_initial,
321,2025-04-26,M-06,Corrective,Pompe,3.6,463.54,TECH-14,Roulement,Terminée,import_initial,
322,2025-04-27,M-06,Prédictive,Compresseur,2.2,5683.26,TECH-15,Capteur,Terminée,import_initial,
323,2025-04-27,M-13,Corrective,Presse,4.1,6402.26,TECH-08,Filtre,Planifiée,import_initial,
324,2025-04-27,M-13,Préventive,Convoyeur,9.5,3671.49,TECH-07,Joint,Terminée,import_initial,
325,2025-04-28,M-03,Préventive,Convoyeur,3.8,6182.86,TECH-05,Aucune,Terminée,import_initial,
326,2025-04-28,M-03,Prédictive,Pompe,4.3,5739.21,TECH-05,Joint,Planifiée,import_initial,
327,2025-04-28,M-15,Corrective,Convoyeur,5.9,1871.28,TECH-07,Joint,Planifiée,import_initial,
328,2025-04-28,M-01,Corrective,Compresseur,10.8,1808.08,TECH-12,Filtre,Terminée,import_initial,
329,2025-04-29,M-08,Prédictive,Compresseur,5.1,6525.7,TECH-10,Roulement,Terminée,import_initial,
330,2025-04-30,M-18,Prédictive,Pompe,10.9,5070.51,TECH-01,Filtre,Terminée,import_initial,
331,2025-04-30,M-06,Préventive,Compresseur,7.9,2153.39,TECH-10,Aucune,Terminée,import_initial,
332,2025-05-01,M-15,Corrective,Robot,8.5,6587.82,TECH-11,Joint,Planifiée,import_initial,
333,2025-05-01,M-16,Corrective,Compresseur,1.4,6047.8,TECH-13,Filtre,En cours,import_initial,
334,2025-05-02,M-01,Préventive,Moteur,11.9,1355.15,TECH-14,Aucune,Terminée,import_initial,
335,2025-05-02,M-02,Préventive,Compresseur,3.8,6965.02,TECH-07,Capteur,Terminée,import_initial,
336,2025-05-02,M-04,Prédictive,Convoyeur,1.2,1878.03,TECH-06,Aucune,Terminée,import_initial,
337,2025-05-03,M-18,Préventive,Convoyeur,7.6,3059.43,TECH-05,Roulement,Terminée,import_initial,
338,2025-05-03,M-20,Corrective,Convoyeur,7.1,3132.99,TECH-11,Aucune,Terminée,import_initial,
339,2025-05-04,M-17,Préventive,Robot,5.0,344.51,TECH-01,Aucune,Planifiée,import_initial,
340,2025-05-04,M-12,Préventive,Moteur,6.7,4222.35,TECH-06,Courroie,Terminée,import_initial,
341,2025-05-06,M-11,Préventive,Convoyeur,7.3,4270.64,TECH-05,Filtre,Terminée,import_initial,
342,2025-05-06,M-15,Préventive,Convoyeur,9.9,2500.38,TECH-14,Joint,Terminée,import_initial,
343,2025-05-07,M-08,Prédictive,Robot,8.3,2795.34,TECH-05,Filtre,Terminée,import_initial,
344,2025-05-07,M-15,Préventive,Robot,10.0,6465.69,TECH-14,Courroie,Terminée,import_initial,
345,2025-05-09,M-02,Corrective,Robot,11.2,6653.7,TECH-04,Joint,Terminée,import_initial,
346,2025-05-10,M-08,Corrective,Moteur,3.4,1918.2,TECH-07,Aucune,Terminée,import_initial,
347,2025-05-11,M-18,Préventive,Robot,5.0,1890.32,TECH-05,Aucune,Planifiée,import_initial,
348,2025-05-12,M-12,Préventive,Compresseur,4.4,5534.06,TECH-12,Aucune,Terminée,import_initial,
349,2025-05-12,M-20,Préventive,Presse,9.2,4027.19,TECH-06,Roulement,Terminée,import_initial,
350,2025-05-13,M-11,Préventive,Presse,7.9,2850.69,TECH-01,Capteur,Terminée,import_initial,
351,2025-05-13,M-16,Préventive,Pompe,12.0,272.31,TECH-04,Roulement,Terminée,import_initial,
352,2025-05-13,M-20,Corrective,Pompe,6.9,2217.24,TECH-11,Roulement,Terminée,import_initial,
353,2025-05-13,M-15,Prédictive,Moteur,11.8,4408.97,TECH-07,Capteur,Planifiée,import_initial,
354,2025-05-14,M-03,Préventive,Convoyeur,9.1,7250.37,TECH-10,Aucune,Terminée,import_initial,
355,2025-05-14,M-18,Corrective,Presse,8.4,7084.26,TECH-07,Courroie,En cours,import_initial,
356,2025-05-14,M-03,Préventive,Compresseur,11.4,7282.65,TECH-07,Filtre,Terminée,import_initial,
357,2025-05-15,M-20,Préventive,Moteur,7.6,4199.5,TECH-07,Capteur,Terminée,import_initial,
358,2025-05-15,M-12,Préventive,Pompe,2.0,3912.3,TECH-15,Joint,Terminée,import_initial,
359,2025-05-16,M-13,Corrective,Compresseur,1.6,3940.83,,Joint,Terminée,import_initial,
360,2025-05-16,M-02,Corrective,Moteur,7.0,6965.68,TECH-09,Courroie,Terminée,import_initial,
361,2025-05-16,M-15,Préventive,Pompe,5.7,5024.24,TECH-07,Capteur,Terminée,import_initial,
362,2025-05-16,M-01,Corrective,Presse,6.3,7018.93,TECH-10,Aucune,Terminée,import_initial,
363,2025-05-17,M-16,Corrective,Compresseur,2.9,3707.56,TECH-14,Roulement,En cours,import_initial,
364,2025-05-17,M-09,Corrective,Presse,3.4,1091.05,TECH-05,Roulement,Terminée,import_initial,
365,2025-05-17,M-07,Préventive,Presse,10.9,3341.8,TECH-12,Joint,Terminée,import_initial,
366,2025-05-18,M-01,Prédictive,Moteur,6.4,5978.54,TECH-07,Courroie,Terminée,import_initial,
367,2025-05-18,M-04,Corrective,Moteur,2.1,6091.95,TECH-13,Courroie,Terminée,import_initial,
368,2025-05-19,M-18,Corrective,Pompe,1.0,,TECH-04,Roulement,Terminée,import_initial,
369,2025-05-19,M-11,Corrective,Moteur,6.6,306.84,TECH-12,Courroie,Terminée,import_initial,
370,2025-05-20,M-12,Prédictive,Pompe,8.2,7625.44,TECH-04,Filtre,Terminée,import_initial,
371,2025-05-20,M-13,Prédictive,Moteur,4.1,3801.57,TECH-06,Courroie,Terminée,import_initial,
372,2025-05-21,M-14,Préventive,Convoyeur,8.0,4077.48,TECH-07,Aucune,Planifiée,import_initial,
373,2025-05-22,M-08,Préventive,Compresseur,1.9,831.38,TECH-15,Courroie,Terminée,import_initial,
374,2025-05-23,M-02,Préventive,Compresseur,7.4,7528.86,TECH-03,Roulement,Terminée,import_initial,
375,2025-05-24,M-18,Préventive,Moteur,1.6,5401.94,TECH-02,Capteur,Terminée,import_initial,
376,2025-05-26,M-20,Prédictive,Pompe,0.6,881.76,TECH-03,Roulement,Planifiée,import_initial,
377,2025-05-27,M-11,Corrective,Moteur,11.3,1319.48,TECH-12,Joint,Terminée,import_initial,
378,2025-05-27,M-02,Prédictive,Pompe,11.0,1002.4,TECH-15,Aucune,Terminée,import_initial,
379,2025-05-28,M-06,Préventive,Compresseur,2.7,2620.3,TECH-10,Joint,Planifiée,import_initial,
380,2025-05-28,M-13,Corrective,Convoyeur,9.3,4390.11,TECH-12,Joint,Terminée,import_initial,
381,2025-05-29,M-09,Corrective,Robot,8.9,967.46,TECH-11,Capteur,Terminée,import_initial,
382,2025-05-29,M-11,Préventive,Pompe,3.3,5483.69,TECH-12,Joint,Terminée,import_initial,
383,2025-05-30,M-17,Corrective,Convoyeur,5.0,7136.62,TECH-10,Filtre,Terminée,import_initial,
384,2025-05-30,M-20,Préventive,Convoyeur,9.6,3405.82,TECH-14,Roulement,Terminée,import_initial,
385,2025-05-30,M-16,Préventive,Presse,7.4,7790.79,TECH-10,Roulement,Planifiée,import_initial,
386,2025-05-30,M-09,Préventive,Pompe,0.7,1025.44,TECH-01,Courroie,Terminée,import_initial,
387,2025-05-30,M-17,Corrective,Compresseur,10.4,1535.21,TECH-14,Filtre,Terminée,import_initial,
388,2025-05-31,M-06,Préventive,Pompe,6.4,7365.89,TECH-14,Aucune,Planifiée,import_initial,
389,2025-05-31,M-09,Corrective,Convoyeur,5.9,260.89,TECH-10,Courroie,Terminée,import_initial,
390,2025-05-31,M-04,Corrective,Robot,9.6,6622.35,TECH-14,Aucune,Terminée,import_initial,
391,2025-06-01,M-08,Corrective,Moteur,11.6,5229.88,TECH-14,Roulement,Terminée,import_initial,
392,2025-06-01,M-10,Préventive,Pompe,2.6,7029.7,TECH-14,Joint,Planifiée,import_initial,
393,2025-06-02,M-19,Prédictive,Compresseur,5.6,2337.14,TECH-05,Aucune,Terminée,import_initial,
394,2025-06-02,M-02,Préventive,Convoyeur,7.3,2299.71,TECH-14,Aucune,Terminée,import_initial,
395,2025-06-02,M-06,Préventive,Pompe,1.2,1777.72,TECH-04,Roulement,Terminée,import_initial,
396,2025-06-02,M-04,Préventive,Pompe,11.1,2009.36,TECH-04,Courroie,Terminée,import_initial,
397,2025-06-02,M-16,Préventive,Moteur,9.2,6370.54,TECH-01,Courroie,Terminée,import_initial,
398,2025-06-02,M-01,Préventive,Moteur,5.7,3174.19,TECH-11,Courroie,Terminée,import_initial,
399,2025-06-02,M-11,Préventive,Presse,6.2,2037.72,TECH-15,Filtre,Terminée,import_initial,
400,2025-06-02,M-19,Préventive,Presse,1.8,407.14,TECH-02,Aucune,Terminée,import_initial,
401,2025-06-04,M-07,Corrective,Compresseur,6.1,3327.27,TECH-13,Filtre,Terminée,import_initial,
402,2025-06-05,M-17,Corrective,Compresseur,1.6,1565.78,TECH-02,Capteur,En cours,import_initial,
403,2025-06-06,M-10,Prédictive,Moteur,0.9,5334.55,TECH-07,Courroie,Terminée,import_initial,
404,2025-06-06,M-14,Préventive,Convoyeur,5.8,2045.69,TECH-01,Aucune,Terminée,import_initial,
405,2025-06-07,M-03,Préventive,Moteur,6.6,5839.18,TECH-07,Roulement,Terminée,import_initial,
406,2025-06-07,M-13,Préventive,Convoyeur,7.5,991.61,TECH-03,Aucune,Terminée,import_initial,
407,2025-06-07,M-10,Prédictive,Compresseur,6.1,6505.2,TECH-15,Courroie,Terminée,import_initial,
408,2025-06-07,M-09,Préventive,Compresseur,2.0,4246.81,TECH-12,Capteur,Terminée,import_initial,
409,2025-06-08,M-06,Préventive,Convoyeur,2.4,7615.7,TECH-03,Filtre,Terminée,import_initial,
410,2025-06-08,M-02,Corrective,Pompe,1.6,3505.32,TECH-04,Joint,Terminée,import_initial,
411,2025-06-08,M-07,Préventive,Convoyeur,8.2,4052.16,TECH-07,Joint,Terminée,import_initial,
412,2025-06-08,M-19,Préventive,Compresseur,4.2,3219.04,TECH-02,Courroie,Terminée,import_initial,
413,2025-06-08,M-03,Corrective,Presse,3.7,5787.68,TECH-12,Courroie,Planifiée,import_initial,
414,2025-06-08,M-07,Corrective,Pompe,5.7,2643.59,TECH-14,Filtre,Terminée,import_initial,
415,2025-06-08,M-07,Prédictive,Pompe,11.6,6531.31,TECH-14,Courroie,Terminée,import_initial,
416,2025-06-08,M-11,Préventive,Presse,9.3,6460.48,TECH-08,Roulement,Terminée,import_initial,
417,2025-06-09,M-07,Corrective,Convoyeur,9.7,,TECH-11,Capteur,Planifiée,import_initial,
418,2025-06-09,M-11,Corrective,Convoyeur,2.8,4344.87,TECH-09,Joint,Terminée,import_initial,
419,2025-06-09,M-20,Prédictive,Pompe,10.1,6367.38,TECH-01,Courroie,Terminée,import_initial,
420,2025-06-10,M-01,Corrective,Presse,10.6,5031.22,TECH-10,Joint,Terminée,import_initial,
421,2025-06-10,M-14,Préventive,Presse,4.6,6260.13,TECH-05,Aucune,Planifiée,import_initial,
422,2025-06-10,M-18,Préventive,Compresseur,10.0,5212.25,TECH-07,Joint,Terminée,import_initial,
423,2025-06-11,M-03,Corrective,Compresseur,1.4,4670.29,TECH-01,Filtre,Terminée,import_initial,
424,2025-06-11,M-11,Corrective,Convoyeur,0.8,5551.28,TECH-12,Roulement,Planifiée,import_initial,
425,2025-06-11,M-08,Prédictive,Moteur,3.0,4269.77,TECH-01,Joint,Terminée,import_initial,
426,2025-06-11,M-07,Préventive,Compresseur,7.8,3952.42,TECH-02,Courroie,En cours,import_initial,
427,2025-06-12,M-19,Corrective,Moteur,2.1,696.45,TECH-05,Aucune,Terminée,import_initial,
428,2025-06-12,M-07,Corrective,Convoyeur,9.0,892.26,TECH-11,Filtre,Terminée,import_initial,
429,2025-06-12,M-01,Corrective,Robot,2.1,1300.99,TECH-08,Filtre,Terminée,import_initial,
430,2025-06-12,M-17,Préventive,Convoyeur,8.1,4966.71,TECH-11,Joint,Terminée,import_initial,
431,2025-06-12,M-05,Préventive,Compresseur,11.7,3918.63,TECH-14,,Planifiée,import_initial,
432,2025-06-13,M-17,Corrective,Convoyeur,0.6,7487.26,TECH-02,Capteur,Terminée,import_initial,
433,2025-06-13,M-04,Préventive,Compresseur,11.1,1916.85,TECH-06,Filtre,Terminée,import_initial,
434,2025-06-13,M-02,Préventive,Compresseur,5.6,4173.54,TECH-09,Courroie,Terminée,import_initial,
435,2025-06-14,M-10,Corrective,Convoyeur,7.6,532.47,TECH-04,Roulement,Terminée,import_initial,
436,2025-06-14,M-18,Préventive,Presse,2.1,6071.73,TECH-13,Roulement,Terminée,import_initial,
437,2025-06-14,M-03,Préventive,Presse,3.0,6158.21,TECH-05,Filtre,Terminée,import_initial,
438,2025-06-15,M-05,Corrective,Compresseur,9.4,1595.49,TECH-06,Courroie,Terminée,import_initial,
439,2025-06-15,M-12,Préventive,Compresseur,0.8,680.82,TECH-06,Filtre,Terminée,import_initial,
440,2025-06-15,M-18,Préventive,Robot,8.8,662.43,TECH-08,Filtre,Planifiée,import_initial,
441,2025-06-16,M-04,Corrective,Moteur,7.6,2609.6,TECH-12,Roulement,Planifiée,import_initial,
442,2025-06-16,M-12,Préventive,Convoyeur,9.8,4192.28,TECH-13,Courroie,Terminée,import_initial,
443,2025-06-16,M-14,Préventive,Pompe,8.7,627.51,TECH-10,Capteur,Terminée,import_initial,
444,2025-06-16,M-01,Préventive,Pompe,10.8,2379.45,TECH-10,Courroie,Planifiée,import_initial,
445,2025-06-17,M-04,Préventive,Moteur,6.2,4775.91,TECH-14,Capteur,Terminée,import_initial,
446,2025-06-17,M-11,Préventive,Moteur,3.2,6235.58,TECH-04,Joint,Terminée,import_initial,
447,2025-06-17,M-06,Prédictive,Robot,9.4,7138.52,TECH-12,Joint,Terminée,import_initial,
448,2025-06-17,M-11,Prédictive,Robot,8.4,2428.93,TECH-15,Courroie,Terminée,import_initial,
449,2025-06-17,M-07,Corrective,Pompe,10.6,3826.45,TECH-10,Joint,Terminée,import_initial,
450,2025-06-18,M-07,Préventive,Presse,9.0,395.24,TECH-06,Filtre,En cours,import_initial,
451,2025-06-18,M-03,Corrective,Pompe,3.4,6647.76,TECH-11,Joint,Terminée,import_initial,
452,2025-06-18,M-20,Préventive,Pompe,0.6,2476.64,TECH-10,Capteur,Planifiée,import_initial,
453,2025-06-18,M-07,Corrective,Compresseur,6.3,7044.77,TECH-14,Filtre,Planifiée,import_initial,
454,2025-06-18,M-16,Préventive,Robot,9.1,2560.36,TECH-01,Filtre,Terminée,import_initial,
455,2025-06-18,M-09,Corrective,Compresseur,1.3,3070.82,TECH-07,Roulement,Terminée,import_initial,
456,2025-06-19,M-17,Préventive,Moteur,0.5,7499.79,TECH-09,Roulement,Terminée,import_initial,
457,2025-06-20,M-05,Préventive,Moteur,11.2,1696.29,TECH-11,Courroie,Planifiée,import_initial,
458,2025-06-20,M-05,Préventive,Compresseur,1.6,1739.51,TECH-02,Aucune,Planifiée,import_initial,
459,2025-06-20,M-20,Préventive,Presse,11.4,4225.92,TECH-11,Filtre,Terminée,import_initial,
460,2025-06-20,M-14,Préventive,Moteur,8.0,5680.0,TECH-03,Aucune,Terminée,import_initial,
461,2025-06-21,M-01,Préventive,Moteur,11.9,2558.18,TECH-08,Joint,Planifiée,import_initial,
462,2025-06-21,M-05,Préventive,Pompe,11.2,6708.78,TECH-04,Roulement,Terminée,import_initial,
463,2025-06-21,M-07,Préventive,Moteur,5.2,4575.88,TECH-06,Courroie,En cours,import_initial,
464,2025-06-22,M-19,Prédictive,Convoyeur,8.2,1711.81,TECH-06,Joint,Terminée,import_initial,
465,2025-06-22,M-13,Corrective,Pompe,4.9,5630.44,TECH-05,Courroie,Terminée,import_initial,
466,2025-06-23,M-05,Prédictive,Presse,1.8,3673.13,TECH-13,Capteur,Terminée,import_initial,
467,2025-06-23,M-10,Préventive,Presse,4.3,838.74,TECH-14,Joint,Terminée,import_initial,
468,2025-06-23,M-01,Préventive,Robot,4.7,7309.1,TECH-02,Roulement,En cours,import_initial,
469,2025-06-23,M-04,Préventive,Moteur,7.6,3188.08,TECH-13,Courroie,Terminée,import_initial,
470,2025-06-23,M-07,Préventive,Presse,5.2,467.92,TECH-10,Aucune,Terminée,import_initial,
471,2025-06-24,M-14,Corrective,Robot,6.9,5236.01,TECH-10,Capteur,Planifiée,import_initial,
472,2025-06-24,M-01,Corrective,Robot,4.3,6415.96,TECH-08,Filtre,Terminée,import_initial,
473,2025-06-24,M-10,Préventive,Moteur,9.3,6551.7,TECH-06,Courroie,En cours,import_initial,
474,2025-06-24,M-15,Préventive,Robot,2.7,7188.36,TECH-08,Capteur,Planifiée,import_initial,
475,2025-06-25,M-12,Préventive,Moteur,1.2,3156.53,TECH-05,Joint,Terminée,import_initial,
476,2025-06-26,M-15,Préventive,Presse,4.6,4006.73,TECH-11,Roulement,Terminée,import_initial,
477,2025-06-27,M-15,Préventive,Robot,1.7,6713.51,TECH-04,Joint,Planifiée,import_initial,
478,2025-06-28,M-04,Préventive,Compresseur,0.5,2112.4,TECH-05,Joint,En cours,import_initial,
479,2025-06-28,M-09,Préventive,Moteur,8.0,,TECH-13,Filtre,Terminée,import_initial,
480,2025-06-28,M-09,Préventive,Compresseur,2.4,4925.16,TECH-09,Joint,En cours,import_initial,
481,2025-06-29,M-08,Corrective,Robot,0.6,708.68,TECH-01,Filtre,Terminée,import_initial,
482,2025-06-29,M-05,Prédictive,Moteur,3.3,1418.17,TECH-10,Courroie,Terminée,import_initial,
483,2025-06-29,M-17,Corrective,Compresseur,4.5,1925.58,TECH-01,Joint,Planifiée,import_initial,
484,2025-06-29,M-13,Préventive,Pompe,3.6,1463.24,TECH-08,Capteur,Terminée,import_initial,
485,2025-06-30,M-09,Préventive,Compresseur,8.8,4165.52,TECH-10,Roulement,Terminée,import_initial,
486,2025-06-30,M-20,Corrective,Compresseur,5.0,4656.34,TECH-06,Capteur,Terminée,import_initial,
487,2025-06-30,M-09,Préventive,Moteur,3.8,1598.1,TECH-15,Aucune,Terminée,import_initial,
488,2025-07-01,M-14,Préventive,Moteur,2.3,3491.84,TECH-14,Roulement,Terminée,import_initial,
489,2025-07-01,M-02,Préventive,Moteur,3.8,2445.87,TECH-15,Filtre,Terminée,import_initial,
490,2025-07-02,M-01,Préventive,Compresseur,4.4,568.68,TECH-14,Courroie,Terminée,import_initial,
491,2025-07-02,M-02,Prédictive,Moteur,2.4,4238.73,TECH-12,Courroie,Terminée,import_initial,
492,2025-07-02,M-04,Préventive,Pompe,4.9,3088.79,TECH-12,Aucune,Terminée,import_initial,
493,2025-07-02,M-02,Prédictive,Compresseur,2.2,7563.3,TECH-11,Aucune,Terminée,import_initial,
494,2025-07-02,M-04,Préventive,Robot,8.0,5397.68,TECH-06,Courroie,Planifiée,import_initial,
495,2025-07-03,M-16,Corrective,Pompe,1.6,302.34,TECH-10,Filtre,Terminée,import_initial,
496,2025-07-04,M-04,Corrective,Pompe,6.2,6819.81,TECH-02,Capteur,Terminée,import_initial,
497,2025-07-04,M-03,Corrective,Convoyeur,5.4,1482.12,TECH-11,Courroie,Terminée,import_initial,
498,2025-07-04,M-10,Prédictive,Moteur,8.7,3529.44,TECH-06,Roulement,Terminée,import_initial,
499,2025-07-04,M-08,Préventive,Presse,8.4,6417.69,TECH-10,Capteur,Terminée,import_initial,
500,2025-07-04,M-04,Prédictive,Pompe,3.6,4880.07,TECH-08,Capteur,Terminée,import_initial,
501,2025-07-04,M-08,Préventive,Pompe,1.7,7053.81,TECH-09,Aucune,Terminée,import_initial,
502,2025-07-05,M-03,Préventive,Presse,3.8,1545.84,TECH-12,Aucune,Terminée,import_initial,
503,2025-07-05,M-05,Préventive,Compresseur,7.4,2519.02,TECH-10,Roulement,Terminée,import_initial,
504,2025-07-05,M-12,Corrective,Robot,1.4,1565.69,TECH-13,Capteur,En cours,import_initial,
505,2025-07-07,M-06,Corrective,Compresseur,10.3,6198.89,TECH-10,Courroie,Terminée,import_initial,
506,2025-07-07,M-12,Préventive,Compresseur,7.9,5863.81,TECH-07,Filtre,Terminée,import_initial,
507,2025-07-07,M-12,Corrective,Pompe,3.3,4923.81,TECH-05,Joint,Terminée,import_initial,
508,2025-07-07,M-08,Corrective,Pompe,2.2,4934.02,TECH-06,Aucune,Terminée,import_initial,
509,2025-07-08,M-10,Préventive,Convoyeur,11.1,3028.78,TECH-15,Filtre,Terminée,import_initial,
510,2025-07-08,M-10,Préventive,Pompe,3.4,7978.89,TECH-10,Courroie,Terminée,import_initial,
511,2025-07-08,M-13,Préventive,Robot,4.6,5480.04,TECH-10,Joint,Terminée,import_initial,
512,2025-07-09,M-06,Prédictive,Robot,9.3,1759.65,TECH-01,Filtre,Terminée,import_initial,
513,2025-07-09,M-01,Corrective,Robot,1.9,2694.38,TECH-12,Roulement,Terminée,import_initial,
514,2025-07-10,M-19,Prédictive,Convoyeur,0.6,5283.8,TECH-13,Courroie,Terminée,import_initial,
515,2025-07-10,M-18,Corrective,Moteur,11.7,4223.6,TECH-01,Courroie,Terminée,import_initial,
516,2025-07-10,M-10,Préventive,Presse,8.6,2950.04,TECH-15,Aucune,Terminée,import_initial,
517,2025-07-10,M-15,Corrective,Convoyeur,11.5,7024.61,TECH-12,Filtre,Terminée,import_initial,
518,2025-07-10,M-11,Préventive,Robot,7.2,5276.76,TECH-04,Filtre,Terminée,import_initial,
519,2025-07-11,M-16,Corrective,Pompe,7.5,4655.78,TECH-03,Courroie,Terminée,import_initial,
520,2025-07-12,M-12,Préventive,Presse,8.7,3909.51,TECH-15,Courroie,Terminée,import_initial,
521,2025-07-12,M-06,Corrective,Compresseur,5.8,7678.73,TECH-07,Joint,Terminée,import_initial,
522,2025-07-13,M-19,Corrective,Pompe,7.3,4038.11,TECH-03,Roulement,Terminée,import_initial,
523,2025-07-13,M-01,Préventive,Pompe,6.8,3814.01,TECH-05,Courroie,Terminée,import_initial,
524,2025-07-13,M-16,Préventive,Convoyeur,2.0,2280.4,TECH-15,Courroie,Planifiée,import_initial,
525,2025-07-14,M-20,Corrective,Presse,4.5,6857.74,TECH-04,Joint,Planifiée,import_initial,
526,2025-07-14,M-05,Préventive,Pompe,4.3,199.65,TECH-07,Aucune,Terminée,import_initial,
527,2025-07-14,M-02,Corrective,Convoyeur,4.9,3478.53,TECH-11,Aucune,Planifiée,import_initial,
528,2025-07-15,M-14,Corrective,Moteur,8.7,5569.7,TECH-11,Roulement,Terminée,import_initial,
529,2025-07-15,M-06,Prédictive,Compresseur,7.4,7739.54,TECH-09,Capteur,Terminée,import_initial,
530,2025-07-15,M-18,Préventive,Compresseur,8.3,899.54,TECH-01,Capteur,Planifiée,import_initial,
531,2025-07-16,M-02,Corrective,Moteur,7.0,2568.8,TECH-06,Courroie,Terminée,import_initial,
532,2025-07-17,M-08,Préventive,Compresseur,1.5,1615.96,TECH-09,Capteur,Terminée,import_initial,
533,2025-07-17,M-03,Préventive,Presse,11.3,2889.68,TECH-06,Courroie,En cours,import_initial,
534,2025-07-17,M-05,Préventive,Compresseur,0.6,5830.22,TECH-15,Roulement,Terminée,import_initial,
535,2025-07-17,M-15,Corrective,Robot,2.6,3123.91,TECH-09,Roulement,Terminée,import_initial,
536,2025-07-18,M-13,Corrective,Presse,1.9,308.13,TECH-07,Aucune,Terminée,import_initial,
537,2025-07-18,M-06,Corrective,Moteur,7.6,4347.53,TECH-02,Filtre,Terminée,import_initial,
538,2025-07-18,M-01,Préventive,Compresseur,1.2,4495.09,TECH-14,Capteur,Terminée,import_initial,
539,2025-07-18,M-10,Prédictive,Pompe,1.5,7955.09,TECH-11,Roulement,Terminée,import_initial,
540,2025-07-18,M-20,Préventive,Robot,10.2,4564.29,TECH-03,Capteur,En cours,import_initial,
541,2025-07-19,M-04,Prédictive,Compresseur,5.0,5720.51,TECH-13,Roulement,Planifiée,import_initial,
542,2025-07-19,M-09,Corrective,Pompe,3.1,3885.91,TECH-02,Courroie,Terminée,import_initial,
543,2025-07-19,M-02,Prédictive,Pompe,10.1,6354.74,TECH-06,Aucune,Planifiée,import_initial,
544,2025-07-19,M-09,Prédictive,Robot,0.8,4061.49,TECH-13,Capteur,Terminée,import_initial,
545,2025-07-19,M-12,Corrective,Presse,10.0,6725.3,TECH-09,Capteur,Planifiée,import_initial,
546,2025-07-20,M-15,Corrective,Presse,5.7,7185.84,TECH-08,Capteur,Terminée,import_initial,
547,2025-07-20,M-09,Corrective,Convoyeur,0.5,6825.88,TECH-04,Courroie,Terminée,import_initial,
548,2025-07-21,M-09,Préventive,Robot,8.5,7118.3,TECH-03,Courroie,Terminée,import_initial,
549,2025-07-21,M-04,Prédictive,Moteur,2.6,4709.84,TECH-15,Courroie,Terminée,import_initial,
550,2025-07-22,M-07,Préventive,Robot,9.0,5051.24,TECH-09,Joint,En cours,import_initial,
551,2025-07-22,M-04,Corrective,Moteur,6.2,4977.94,TECH-13,Roulement,Terminée,import_initial,
552,2025-07-22,M-14,Corrective,Robot,6.2,7726.37,TECH-10,Joint,Terminée,import_initial,
553,2025-07-22,M-13,Préventive,Pompe,0.9,6792.53,TECH-09,Capteur,Planifiée,import_initial,
554,2025-07-22,M-05,Corrective,Presse,8.9,5092.25,TECH-02,Courroie,Planifiée,import_initial,
555,2025-07-22,M-07,Prédictive,Pompe,0.7,1440.37,TECH-07,Joint,Terminée,import_initial,
556,2025-07-22,M-02,Préventive,Moteur,4.4,4807.72,TECH-04,Roulement,Terminée,import_initial,
557,2025-07-23,M-18,Préventive,Pompe,7.0,3423.87,TECH-08,Filtre,En cours,import_initial,
558,2025-07-24,M-16,Corrective,Convoyeur,7.7,3413.11,TECH-12,Joint,Terminée,import_initial,
559,2025-07-26,M-18,Prédictive,Pompe,5.3,6045.99,TECH-13,Joint,Terminée,import_initial,
560,2025-07-26,M-17,Corrective,Convoyeur,5.4,4551.12,TECH-05,Courroie,Terminée,import_initial,
561,2025-07-26,M-09,Prédictive,Moteur,1.4,985.15,TECH-09,Courroie,Terminée,import_initial,
562,2025-07-26,M-16,Préventive,Convoyeur,7.0,7765.57,TECH-02,Capteur,Terminée,import_initial,
563,2025-07-26,M-09,Corrective,Pompe,1.9,6000.46,TECH-02,Aucune,Planifiée,import_initial,
564,2025-07-27,M-09,Préventive,Convoyeur,4.2,2840.1,TECH-01,Filtre,Terminée,import_initial,
565,2025-07-27,M-10,Préventive,Compresseur,6.2,5602.08,TECH-11,Joint,Terminée,import_initial,
566,2025-07-28,M-11,Préventive,Robot,4.4,1565.44,TECH-03,Capteur,Terminée,import_initial,
567,2025-07-28,M-19,Préventive,Convoyeur,1.2,633.75,TECH-02,Joint,Terminée,import_initial,
568,2025-07-28,M-20,Préventive,Pompe,5.7,1570.93,TECH-15,Courroie,Terminée,import_initial,
569,2025-07-28,M-05,Préventive,Presse,6.7,1153.88,TECH-01,Aucune,En cours,import_initial,
570,2025-07-28,M-07,Prédictive,Moteur,11.0,2017.01,TECH-14,Filtre,Terminée,import_initial,
571,2025-07-29,M-12,Corrective,Convoyeur,3.8,5195.43,TECH-02,Courroie,Terminée,import_initial,
572,2025-07-30,M-17,Préventive,Moteur,11.8,1123.56,TECH-02,Aucune,Planifiée,import_initial,
573,2025-07-30,M-20,Préventive,Pompe,9.9,384.18,TECH-04,Roulement,Terminée,import_initial,
574,2025-07-31,M-14,Préventive,Robot,1.5,4789.96,TECH-11,Courroie,Terminée,import_initial,
575,2025-07-31,M-03,Corrective,Convoyeur,10.5,4952.32,TECH-13,,Terminée,import_initial,
576,2025-07-31,M-20,Préventive,Convoyeur,2.1,2104.03,TECH-08,Aucune,Terminée,import_initial,
577,2025-08-01,M-14,Préventive,Compresseur,8.3,7395.11,TECH-04,Courroie,Terminée,import_initial,
578,2025-08-01,M-01,Corrective,Robot,11.4,6351.73,TECH-05,Courroie,Terminée,import_initial,
579,2025-08-02,M-16,Préventive,Pompe,10.2,1633.34,TECH-04,Joint,Terminée,import_initial,
580,2025-08-03,M-17,Prédictive,Moteur,6.5,1445.87,TECH-04,Aucune,Terminée,import_initial,
581,2025-08-03,M-13,Corrective,Pompe,8.5,6935.94,TECH-05,Aucune,Planifiée,import_initial,
582,2025-08-03,M-15,Préventive,Moteur,9.6,1337.77,TECH-05,Filtre,Planifiée,import_initial,
583,2025-08-03,M-05,Corrective,Compresseur,7.8,1376.75,TECH-07,,Terminée,import_initial,
584,2025-08-04,M-14,Prédictive,Robot,5.6,3754.69,TECH-07,Joint,En cours,import_initial,
585,2025-08-04,M-01,Préventive,Convoyeur,11.9,5100.58,TECH-10,Aucune,Terminée,import_initial,
586,2025-08-04,M-17,Corrective,Robot,7.9,2230.86,TECH-07,Aucune,Terminée,import_initial,
587,2025-08-04,M-03,Corrective,Moteur,1.6,7094.19,TECH-03,Joint,Terminée,import_initial,
588,2025-08-05,M-09,Corrective,Pompe,10.4,1201.24,TECH-07,Joint,Terminée,import_initial,
589,2025-08-05,M-07,Préventive,Presse,3.9,2167.61,TECH-08,Roulement,Terminée,import_initial,
590,2025-08-05,M-10,Préventive,Compresseur,3.2,5811.97,TECH-14,Courroie,Planifiée,import_initial,
591,2025-08-06,M-12,Préventive,Convoyeur,6.5,691.17,TECH-04,Roulement,Terminée,import_initial,
592,2025-08-06,M-08,Préventive,Robot,3.8,1391.62,TECH-04,Filtre,Terminée,import_initial,
593,2025-08-07,M-02,Préventive,Moteur,9.6,4160.39,TECH-11,Courroie,Terminée,import_initial,
594,2025-08-07,M-15,Préventive,Moteur,7.5,4256.87,TECH-07,Filtre,Planifiée,import_initial,
595,2025-08-07,M-11,Corrective,Moteur,4.3,5523.54,TECH-05,Capteur,Terminée,import_initial,
596,2025-08-07,M-11,Prédictive,Pompe,7.4,5164.23,TECH-01,Courroie,Planifiée,import_initial,
597,2025-08-08,M-08,Corrective,Pompe,7.6,1449.42,TECH-12,Aucune,Terminée,import_initial,
598,2025-08-09,M-07,Corrective,Pompe,6.8,2690.05,TECH-07,Joint,Planifiée,import_initial,
599,2025-08-09,M-12,Préventive,Compresseur,2.7,7972.57,TECH-13,Aucune,Terminée,import_initial,
600,2025-08-09,M-15,Préventive,Robot,5.8,6603.7,TECH-10,Filtre,Terminée,import_initial,
601,2025-08-10,M-04,Prédictive,Presse,10.6,874.22,TECH-14,Roulement,Terminée,import_initial,
602,2025-08-10,M-04,Corrective,Robot,5.0,6683.71,TECH-08,Aucune,Terminée,import_initial,
603,2025-08-10,M-11,Préventive,Compresseur,7.5,7970.68,TECH-02,Filtre,Terminée,import_initial,
604,2025-08-12,M-09,Prédictive,Pompe,9.5,2774.05,TECH-04,Filtre,Terminée,import_initial,
605,2025-08-12,M-18,Préventive,Compresseur,11.2,3596.92,TECH-12,Filtre,En cours,import_initial,
606,2025-08-12,M-11,Prédictive,Convoyeur,2.7,3469.89,TECH-06,Aucune,Terminée,import_initial,
607,2025-08-12,M-20,Préventive,Moteur,10.2,5347.09,TECH-11,Filtre,Terminée,import_initial,
608,2025-08-13,M-07,Préventive,Convoyeur,8.0,6259.68,TECH-11,Filtre,En cours,import_initial,
609,2025-08-13,M-07,Prédictive,Robot,11.5,2466.07,TECH-09,Capteur,Terminée,import_initial,
610,2025-08-13,M-11,Préventive,Compresseur,1.1,4376.01,TECH-13,Filtre,Terminée,import_initial,
611,2025-08-13,M-04,Prédictive,Moteur,11.1,6478.92,TECH-04,Aucune,Terminée,import_initial,
612,2025-08-13,M-12,Corrective,Presse,8.2,5698.69,TECH-13,Capteur,Terminée,import_initial,
613,2025-08-13,M-02,Corrective,Presse,0.5,5279.23,TECH-01,Aucune,Terminée,import_initial,
614,2025-08-14,M-17,Préventive,Robot,8.3,6240.27,TECH-08,Aucune,Terminée,import_initial,
615,2025-08-15,M-03,Préventive,Compresseur,5.5,5273.13,TECH-07,Aucune,Terminée,import_initial,
616,2025-08-15,M-15,Corrective,Presse,8.3,6344.07,TECH-07,Capteur,Terminée,import_initial,
617,2025-08-16,M-16,Corrective,Compresseur,7.4,1732.18,TECH-01,Capteur,Terminée,import_initial,
618,2025-08-17,M-01,Préventive,Pompe,7.1,3613.54,TECH-08,Joint,Terminée,import_initial,
619,2025-08-17,M-01,Corrective,Pompe,9.9,2957.15,TECH-08,Courroie,Terminée,import_initial,
620,2025-08-18,M-03,Corrective,Presse,11.5,355.74,TECH-03,Roulement,Terminée,import_initial,
621,2025-08-18,M-18,Préventive,Compresseur,4.6,857.58,TECH-12,Roulement,Terminée,import_initial,
622,2025-08-18,M-05,Prédictive,Convoyeur,0.5,7333.84,TECH-07,Courroie,Terminée,import_initial,
623,2025-08-18,M-17,Corrective,Robot,3.5,5541.02,TECH-09,Aucune,Terminée,import_initial,
624,2025-08-19,M-06,Préventive,Compresseur,4.9,4862.15,TECH-15,Joint,Terminée,import_initial,
625,2025-08-19,M-17,Préventive,Compresseur,6.4,2533.12,TECH-04,Filtre,Terminée,import_initial,
626,2025-08-20,M-10,Préventive,Compresseur,11.1,3888.83,TECH-08,Filtre,Terminée,import_initial,
627,2025-08-20,M-20,Corrective,Robot,6.3,749.44,TECH-03,Filtre,Planifiée,import_initial,
628,2025-08-20,M-11,Préventive,Compresseur,10.9,4734.9,TECH-13,Joint,Terminée,import_initial,
629,2025-08-20,M-11,Préventive,Moteur,9.5,5508.09,TECH-11,Joint,Terminée,import_initial,
630,2025-08-20,M-10,Préventive,Moteur,0.6,7583.29,TECH-10,Courroie,Terminée,import_initial,
631,2025-08-20,M-18,Corrective,Convoyeur,1.2,708.04,TECH-12,Filtre,Terminée,import_initial,
632,2025-08-20,M-13,Prédictive,Compresseur,3.3,1639.68,TECH-03,Aucune,Terminée,import_initial,
633,2025-08-21,M-01,Prédictive,Presse,11.3,7617.55,TECH-07,Joint,Terminée,import_initial,
634,2025-08-21,M-06,Corrective,Pompe,8.7,7966.01,TECH-14,Courroie,Terminée,import_initial,
635,2025-08-21,M-11,Prédictive,Convoyeur,10.3,4158.69,TECH-11,Roulement,Terminée,import_initial,
636,2025-08-21,M-07,Corrective,Convoyeur,0.9,2939.61,TECH-04,Joint,Terminée,import_initial,
637,2025-08-22,M-04,Préventive,Compresseur,7.8,2252.82,TECH-09,Courroie,En cours,import_initial,
638,2025-08-23,M-19,Préventive,Pompe,8.9,7294.2,TECH-06,Aucune,Terminée,import_initial,
639,2025-08-23,M-15,Préventive,Presse,2.5,7255.76,TECH-12,Roulement,Terminée,import_initial,
640,2025-08-24,M-02,Préventive,Moteur,2.2,3543.75,TECH-14,Courroie,Planifiée,import_initial,
641,2025-08-25,M-16,Préventive,Compresseur,7.0,2045.69,TECH-13,Joint,Terminée,import_initial,
642,2025-08-25,M-20,Corrective,Presse,3.4,3070.23,TECH-06,Capteur,Planifiée,import_initial,
643,2025-08-26,M-18,Corrective,Robot,9.7,612.49,TECH-07,Capteur,Terminée,import_initial,
644,2025-08-26,M-07,Corrective,Pompe,11.5,7986.31,TECH-02,Roulement,Terminée,import_initial,
645,2025-08-26,M-10,Préventive,Moteur,9.3,4159.44,TECH-15,Courroie,Planifiée,import_initial,
646,2025-08-26,M-06,Prédictive,Convoyeur,7.3,2953.36,TECH-03,Filtre,Terminée,import_initial,
647,2025-08-27,M-12,Préventive,Moteur,11.4,155.04,TECH-11,Joint,Terminée,import_initial,
648,2025-08-27,M-06,Corrective,Robot,3.1,3689.68,TECH-15,Capteur,Terminée,import_initial,
649,2025-08-27,M-16,Prédictive,Moteur,9.1,2349.58,TECH-11,Courroie,Planifiée,import_initial,
650,2025-08-27,M-01,Préventive,Robot,7.4,4371.97,TECH-07,Roulement,Terminée,import_initial,
651,2025-08-28,M-02,Corrective,Moteur,10.0,1128.19,TECH-06,Filtre,Planifiée,import_initial,
652,2025-08-29,M-03,Préventive,Convoyeur,6.1,2157.88,TECH-10,Aucune,Terminée,import_initial,
653,2025-08-29,M-06,Corrective,Pompe,6.9,3213.53,TECH-02,Joint,En cours,import_initial,
654,2025-08-30,M-01,Corrective,Compresseur,5.3,7071.5,TECH-05,Roulement,Terminée,import_initial,
655,2025-08-30,M-07,Prédictive,Pompe,5.8,1748.96,TECH-06,Aucune,Terminée,import_initial,
656,2025-08-30,M-13,Préventive,Compresseur,10.6,3797.13,TECH-14,Roulement,Terminée,import_initial,
657,2025-08-30,M-12,Préventive,Pompe,11.2,801.05,TECH-02,Roulement,Terminée,import_initial,
658,2025-08-31,M-01,Préventive,Robot,2.6,2151.89,TECH-09,Aucune,Terminée,import_initial,
659,2025-08-31,M-03,Préventive,Convoyeur,1.5,6851.03,TECH-07,Joint,Terminée,import_initial,
660,2025-08-31,M-16,Préventive,Presse,5.5,4474.03,TECH-02,Courroie,Terminée,import_initial,
661,2025-08-31,M-19,Préventive,Robot,3.2,2084.84,TECH-11,Roulement,Terminée,import_initial,
662,2025-08-31,M-10,Corrective,Compresseur,5.1,7280.51,TECH-11,Courroie,Terminée,import_initial,
663,2025-08-31,M-05,Préventive,Robot,8.7,4023.85,TECH-05,Joint,Terminée,import_initial,
664,2025-09-01,M-02,Préventive,Robot,11.5,2328.46,TECH-15,Courroie,Terminée,import_initial,
665,2025-09-01,M-11,Préventive,Convoyeur,1.0,4606.89,TECH-12,Filtre,Terminée,import_initial,
666,2025-09-02,M-11,Préventive,Pompe,8.3,3966.34,TECH-06,Roulement,Terminée,import_initial,
667,2025-09-02,M-15,Corrective,Robot,4.0,3215.31,TECH-06,Filtre,Terminée,import_initial,
668,2025-09-02,M-16,Corrective,Compresseur,2.0,1499.17,TECH-04,Capteur,Terminée,import_initial,
669,2025-09-02,M-08,Préventive,Pompe,7.8,7473.89,TECH-02,Roulement,Terminée,import_initial,
670,2025-09-02,M-17,Préventive,Presse,11.2,728.64,TECH-06,Capteur,En cours,import_initial,
671,2025-09-03,M-07,Prédictive,Robot,10.5,1229.82,TECH-14,Roulement,Terminée,import_initial,
672,2025-09-05,M-07,Corrective,Pompe,4.5,5639.28,TECH-02,Courroie,Terminée,import_initial,
673,2025-09-05,M-14,Prédictive,Compresseur,4.2,1048.4,TECH-07,Courroie,Terminée,import_initial,
674,2025-09-05,M-05,Corrective,Pompe,10.5,2203.99,TECH-08,Capteur,Terminée,import_initial,
675,2025-09-05,M-16,Corrective,Compresseur,2.3,2543.55,TECH-07,Aucune,Terminée,import_initial,
676,2025-09-06,M-01,Préventive,Robot,3.4,5782.53,TECH-01,Filtre,Terminée,import_initial,
677,2025-09-06,M-03,Corrective,Pompe,5.2,611.59,TECH-14,Joint,Planifiée,import_initial,
678,2025-09-07,M-07,Corrective,Convoyeur,0.9,4187.41,TECH-09,Roulement,Terminée,import_initial,
679,2025-09-07,M-09,Préventive,Compresseur,11.4,455.45,TECH-02,Roulement,Terminée,import_initial,
680,2025-09-07,M-16,Corrective,Moteur,5.2,7080.35,TECH-11,Roulement,Terminée,import_initial,
681,2025-09-07,M-14,Corrective,Convoyeur,6.8,2179.93,TECH-06,Joint,Planifiée,import_initial,
682,2025-09-08,M-02,Corrective,Convoyeur,5.7,6177.68,TECH-11,Joint,Terminée,import_initial,
683,2025-09-08,M-02,Corrective,Moteur,5.3,1848.66,TECH-05,Filtre,Planifiée,import_initial,
684,2025-09-08,M-11,Préventive,Presse,9.3,309.89,TECH-08,Aucune,Terminée,import_initial,
685,2025-09-08,M-10,Prédictive,Pompe,6.8,2680.21,TECH-07,Capteur,Terminée,import_initial,
686,2025-09-09,M-17,Préventive,Pompe,2.9,4383.32,TECH-14,Filtre,Terminée,import_initial,
687,2025-09-10,M-04,Préventive,Presse,3.5,470.83,TECH-09,Filtre,Terminée,import_initial,
688,2025-09-11,M-20,Préventive,Robot,0.6,6954.71,TECH-12,Filtre,Terminée,import_initial,
689,2025-09-11,M-08,Prédictive,Presse,8.4,2103.71,TECH-11,Courroie,Terminée,import_initial,
690,2025-09-12,M-09,Prédictive,Convoyeur,4.3,1077.33,TECH-12,Joint,Terminée,import_initial,
691,2025-09-12,M-11,Préventive,Convoyeur,11.3,6508.0,TECH-07,Roulement,Terminée,import_initial,
692,2025-09-12,M-01,Corrective,Compresseur,7.2,6356.79,TECH-07,Aucune,Terminée,import_initial,
693,2025-09-12,M-09,Préventive,Robot,7.2,3973.31,TECH-08,Capteur,Terminée,import_initial,
694,2025-09-12,M-09,Prédictive,Pompe,6.3,4785.72,TECH-14,Filtre,Terminée,import_initial,
695,2025-09-13,M-10,Corrective,Presse,6.9,7230.34,TECH-01,Capteur,Terminée,import_initial,
696,2025-09-13,M-09,Corrective,Presse,4.4,7104.23,TECH-09,Filtre,Terminée,import_initial,
697,2025-09-13,M-17,Corrective,Convoyeur,5.6,6435.6,TECH-15,Courroie,Planifiée,import_initial,
698,2025-09-13,M-16,Corrective,Moteur,9.8,5521.8,TECH-14,Courroie,En cours,import_initial,
699,2025-09-14,M-20,Prédictive,Presse,4.6,6830.64,TECH-07,Filtre,Terminée,import_initial,
700,2025-09-14,M-13,Préventive,Robot,8.6,5141.97,TECH-01,Courroie,Terminée,import_initial,
701,2025-09-15,M-01,Préventive,Pompe,4.5,1922.36,TECH-04,Capteur,Terminée,import_initial,
702,2025-09-16,M-05,Préventive,Convoyeur,9.8,4825.02,TECH-04,Capteur,Terminée,import_initial,
703,2025-09-16,M-10,Corrective,Convoyeur,4.9,3622.76,TECH-01,Filtre,Terminée,import_initial,
704,2025-09-17,M-05,Corrective,Convoyeur,8.5,6118.32,TECH-13,Courroie,Terminée,import_initial,
705,2025-09-19,M-16,Corrective,Presse,3.3,6103.22,TECH-05,Filtre,Terminée,import_initial,
706,2025-09-19,M-08,Prédictive,Robot,8.7,6920.46,TECH-02,Roulement,Terminée,import_initial,
707,2025-09-19,M-16,Préventive,Robot,8.5,7293.01,TECH-09,Filtre,Terminée,import_initial,
708,2025-09-19,M-11,Préventive,Pompe,3.2,7363.44,TECH-13,Capteur,Terminée,import_initial,
709,2025-09-19,M-07,Préventive,Pompe,5.9,2677.97,TECH-02,Capteur,Terminée,import_initial,
710,2025-09-20,M-07,Préventive,Moteur,5.8,7803.46,TECH-09,Capteur,Planifiée,import_initial,
711,2025-09-20,M-05,Corrective,Convoyeur,11.8,7408.26,TECH-03,Courroie,Terminée,import_initial,
712,2025-09-21,M-10,Préventive,Moteur,6.9,1072.22,TECH-07,Roulement,En cours,import_initial,
713,2025-09-21,M-07,Préventive,Robot,7.2,738.14,TECH-01,Courroie,Planifiée,import_initial,
714,2025-09-21,M-04,Corrective,Compresseur,5.9,2864.93,TECH-08,Capteur,Terminée,import_initial,
715,2025-09-21,M-19,Préventive,Moteur,8.3,4885.16,TECH-15,Capteur,Terminée,import_initial,
716,2025-09-21,M-09,Préventive,Presse,2.4,6584.86,TECH-02,Capteur,En cours,import_initial,
717,2025-09-22,M-20,Prédictive,Compresseur,1.0,4511.13,TECH-01,Joint,Planifiée,import_initial,
718,2025-09-22,M-16,Corrective,Moteur,9.7,2626.96,TECH-03,Aucune,Terminée,import_initial,
719,2025-09-22,M-19,Corrective,Pompe,11.3,5847.14,TECH-01,Aucune,Terminée,import_initial,
720,2025-09-23,M-18,Prédictive,Robot,9.6,3677.43,TECH-08,Joint,Terminée,import_initial,
721,2025-09-23,M-12,Préventive,Compresseur,7.4,2346.63,TECH-09,Filtre,Terminée,import_initial,
722,2025-09-24,M-11,Prédictive,Moteur,11.5,3166.81,TECH-04,Roulement,Terminée,import_initial,
723,2025-09-24,M-12,Prédictive,Presse,1.0,2340.23,TECH-06,Capteur,Terminée,import_initial,
724,2025-09-24,M-15,Corrective,Robot,3.7,3508.34,TECH-15,Courroie,Terminée,import_initial,
725,2025-09-24,M-16,Prédictive,Robot,5.6,7813.18,TECH-14,Filtre,Planifiée,import_initial,
726,2025-09-26,M-05,Préventive,Presse,1.9,7905.32,TECH-12,Joint,Terminée,import_initial,
727,2025-09-26,M-20,Corrective,Pompe,3.7,165.15,TECH-07,Filtre,Terminée,import_initial,
728,2025-09-26,M-04,Préventive,Pompe,8.4,7334.93,TECH-09,,Planifiée,import_initial,
729,2025-09-26,M-18,Prédictive,Moteur,7.6,2450.35,TECH-12,Capteur,Terminée,import_initial,
730,2025-09-26,M-02,Préventive,Presse,10.4,6839.61,TECH-14,Capteur,Terminée,import_initial,
731,2025-09-26,M-12,Préventive,Moteur,5.4,5889.44,TECH-01,Roulement,Terminée,import_initial,
732,2025-09-26,M-13,Corrective,Convoyeur,11.6,2349.81,TECH-09,Capteur,Terminée,import_initial,
733,2025-09-27,M-18,Prédictive,Compresseur,5.9,7637.72,TECH-06,Joint,Terminée,import_initial,
734,2025-09-27,M-01,Corrective,Compresseur,4.6,4365.45,TECH-14,Roulement,Planifiée,import_initial,
735,2025-09-27,M-03,Corrective,Presse,8.8,245.89,TECH-14,Joint,Terminée,import_initial,
736,2025-09-27,M-17,Corrective,Pompe,11.5,4543.82,TECH-03,Roulement,Planifiée,import_initial,
737,2025-09-27,M-04,Corrective,Moteur,2.9,4750.96,TECH-03,Filtre,Terminée,import_initial,
738,2025-09-27,M-07,Préventive,Convoyeur,1.7,389.28,TECH-05,Roulement,Terminée,import_initial,
739,2025-09-29,M-14,Corrective,Moteur,8.3,4105.87,TECH-12,Roulement,Terminée,import_initial,
740,2025-09-29,M-18,Préventive,Compresseur,11.0,1682.65,,Aucune,Planifiée,import_initial,
741,2025-09-29,M-09,Corrective,Pompe,5.8,5038.13,TECH-15,Joint,Terminée,import_initial,
742,2025-09-30,M-05,Préventive,Convoyeur,10.7,1503.08,TECH-09,Aucune,Terminée,import_initial,
743,2025-09-30,M-16,Prédictive,Pompe,5.1,7630.49,TECH-13,Aucune,Terminée,import_initial,
744,2025-09-30,M-07,Prédictive,Pompe,2.2,1268.3,TECH-06,Roulement,Planifiée,import_initial,
745,2025-10-01,M-01,Préventive,Convoyeur,1.7,5604.17,TECH-07,Roulement,Terminée,import_initial,
746,2025-10-01,M-03,Préventive,Compresseur,9.0,2970.81,TECH-08,Filtre,Terminée,import_initial,
747,2025-10-01,M-08,Préventive,Robot,5.8,789.32,TECH-14,Joint,Terminée,import_initial,
748,2025-10-02,M-01,Corrective,Presse,4.1,783.34,TECH-08,Roulement,Planifiée,import_initial,
749,2025-10-04,M-18,Corrective,Convoyeur,5.5,4421.17,TECH-02,Aucune,Terminée,import_initial,
750,2025-10-04,M-15,Corrective,Pompe,4.3,4696.35,TECH-03,Joint,Planifiée,import_initial,
751,2025-10-04,M-18,Corrective,Pompe,2.9,2113.84,TECH-14,Courroie,Terminée,import_initial,
752,2025-10-05,M-07,Prédictive,Compresseur,1.6,,TECH-07,Capteur,Terminée,import_initial,
753,2025-10-05,M-11,Corrective,Pompe,6.7,6929.9,TECH-01,Courroie,Terminée,import_initial,
754,2025-10-06,M-15,Prédictive,Compresseur,7.3,1040.86,TECH-07,Joint,Terminée,import_initial,
755,2025-10-06,M-11,Corrective,Robot,10.8,2750.52,TECH-06,Aucune,Planifiée,import_initial,
756,2025-10-06,M-15,Préventive,Compresseur,7.0,6650.76,TECH-07,Roulement,Terminée,import_initial,
757,2025-10-07,M-17,Préventive,Moteur,1.3,7275.41,TECH-13,Capteur,Terminée,import_initial,
758,2025-10-07,M-13,Corrective,Moteur,4.4,5428.65,TECH-13,Roulement,En cours,import_initial,
759,2025-10-07,M-12,Préventive,Presse,2.4,2866.11,TECH-07,Aucune,Terminée,import_initial,
760,2025-10-07,M-03,Prédictive,Convoyeur,2.3,7924.97,TECH-09,Aucune,Planifiée,import_initial,
761,2025-10-08,M-08,Prédictive,Moteur,11.1,6751.41,TECH-03,Courroie,Terminée,import_initial,
762,2025-10-08,M-14,Préventive,Robot,5.7,6267.96,TECH-03,Filtre,Terminée,import_initial,
763,2025-10-09,M-03,Préventive,Moteur,10.0,3874.17,TECH-08,Aucune,Terminée,import_initial,
764,2025-10-09,M-08,Corrective,Presse,7.4,7833.65,TECH-10,Filtre,Terminée,import_initial,
765,2025-10-09,M-13,Préventive,Convoyeur,0.9,3816.28,TECH-15,Roulement,Terminée,import_initial,
766,2025-10-09,M-08,Préventive,Convoyeur,5.1,2475.6,TECH-02,Joint,Terminée,import_initial,
767,2025-10-09,M-02,Préventive,Robot,8.1,3064.55,TECH-15,Joint,Terminée,import_initial,
768,2025-10-10,M-18,Préventive,Pompe,1.6,6218.03,TECH-05,Filtre,Terminée,import_initial,
769,2025-10-10,M-15,Préventive,Robot,8.4,4628.5,TECH-01,Courroie,Terminée,import_initial,
770,2025-10-11,M-03,Préventive,Convoyeur,4.5,701.94,TECH-11,Aucune,Terminée,import_initial,
771,2025-10-11,M-05,Préventive,Moteur,11.2,6510.79,TECH-15,Courroie,Terminée,import_initial,
772,2025-10-11,M-18,Corrective,Presse,3.9,174.03,TECH-08,Roulement,Terminée,import_initial,
773,2025-10-12,M-05,Préventive,Compresseur,9.9,2720.97,TECH-12,Courroie,Terminée,import_initial,
774,2025-10-12,M-05,Préventive,Moteur,7.6,1274.09,TECH-08,Capteur,Terminée,import_initial,
775,2025-10-12,M-20,Préventive,Convoyeur,7.9,5913.43,TECH-11,Capteur,Terminée,import_initial,
776,2025-10-12,M-15,Préventive,Robot,2.7,5321.26,TECH-07,Joint,Terminée,import_initial,
777,2025-10-12,M-03,Préventive,Compresseur,3.9,6837.93,TECH-12,Joint,Terminée,import_initial,
778,2025-10-12,M-15,Préventive,Moteur,5.0,5031.1,TECH-13,Courroie,Terminée,import_initial,
779,2025-10-12,M-19,Préventive,Moteur,3.1,4167.81,TECH-10,Capteur,Planifiée,import_initial,
780,2025-10-13,M-01,Corrective,Presse,1.0,1136.16,TECH-03,Filtre,Terminée,import_initial,
781,2025-10-13,M-02,Préventive,Presse,3.8,4021.97,TECH-06,Courroie,Terminée,import_initial,
782,2025-10-13,M-16,Préventive,Presse,6.4,764.33,TECH-03,Courroie,Terminée,import_initial,
783,2025-10-13,M-17,Corrective,Compresseur,11.0,4121.82,TECH-13,Roulement,Terminée,import_initial,
784,2025-10-14,M-11,Préventive,Pompe,2.1,1864.53,TECH-05,Aucune,Terminée,import_initial,
785,2025-10-14,M-14,Corrective,Presse,8.7,6200.86,TECH-02,Roulement,Terminée,import_initial,
786,2025-10-14,M-07,Corrective,Moteur,3.1,599.73,TECH-02,Capteur,Terminée,import_initial,
787,2025-10-14,M-20,Prédictive,Compresseur,11.9,4294.64,TECH-08,Roulement,Terminée,import_initial,
788,2025-10-14,M-10,Corrective,Pompe,9.5,259.69,TECH-06,Courroie,Terminée,import_initial,
789,2025-10-14,M-17,Préventive,Moteur,10.1,6079.67,TECH-03,Joint,Planifiée,import_initial,
790,2025-10-14,M-07,Corrective,Pompe,9.9,1738.12,TECH-01,Roulement,Terminée,import_initial,
791,2025-10-15,M-10,Corrective,Compresseur,3.4,7939.14,TECH-15,Aucune,Planifiée,import_initial,
792,2025-10-15,M-07,Prédictive,Robot,6.2,2580.14,TECH-08,Capteur,Planifiée,import_initial,
793,2025-10-15,M-19,Préventive,Robot,6.2,4338.92,TECH-09,Aucune,Planifiée,import_initial,
794,2025-10-15,M-04,Corrective,Compresseur,2.2,181.42,TECH-01,Joint,Terminée,import_initial,
795,2025-10-17,M-04,Préventive,Convoyeur,9.4,5717.8,TECH-14,Capteur,Terminée,import_initial,
796,2025-10-17,M-20,Corrective,Presse,3.0,3251.66,TECH-12,Joint,En cours,import_initial,
797,2025-10-17,M-06,Préventive,Pompe,8.0,7907.18,TECH-06,Courroie,Terminée,import_initial,
798,2025-10-18,M-05,Corrective,Presse,1.8,5786.35,TECH-08,Capteur,Terminée,import_initial,
799,2025-10-18,M-13,Prédictive,Robot,6.5,4773.81,TECH-04,Roulement,Terminée,import_initial,
800,2025-10-18,M-18,Prédictive,Moteur,0.8,5830.87,TECH-05,Roulement,Terminée,import_initial,
801,2025-10-18,M-14,Prédictive,Moteur,0.7,6131.29,TECH-02,Courroie,Terminée,import_initial,
802,2025-10-18,M-07,Préventive,Moteur,0.9,7494.07,TECH-04,Filtre,Terminée,import_initial,
803,2025-10-18,M-03,Préventive,Moteur,7.5,1988.67,TECH-04,Courroie,Terminée,import_initial,
804,2025-10-19,M-18,Corrective,Convoyeur,9.1,1606.36,TECH-10,Filtre,Terminée,import_initial,
805,2025-10-20,M-15,Préventive,Presse,8.2,5972.27,TECH-05,Joint,Terminée,import_initial,
806,2025-10-20,M-11,Préventive,Presse,1.4,6483.65,TECH-05,Aucune,Terminée,import_initial,
807,2025-10-20,M-04,Corrective,Moteur,1.0,2687.18,TECH-08,Courroie,Terminée,import_initial,
808,2025-10-20,M-06,Prédictive,Presse,1.8,686.53,TECH-06,Joint,Planifiée,import_initial,
809,2025-10-20,M-15,Préventive,Presse,10.6,942.47,TECH-04,Aucune,Terminée,import_initial,
810,2025-10-21,M-06,Préventive,Moteur,10.7,7604.38,TECH-12,Aucune,Terminée,import_initial,
811,2025-10-21,M-19,Corrective,Pompe,5.8,4084.49,TECH-08,Aucune,Planifiée,import_initial,
812,2025-10-21,M-09,Corrective,Moteur,10.8,2725.36,TECH-05,Aucune,En cours,import_initial,
813,2025-10-21,M-12,Préventive,Pompe,1.9,3870.78,TECH-03,Joint,Terminée,import_initial,
814,2025-10-21,M-19,Préventive,Compresseur,7.3,6654.89,TECH-14,Aucune,En cours,import_initial,
815,2025-10-21,M-14,Préventive,Robot,8.0,1288.11,TECH-12,Joint,Terminée,import_initial,
816,2025-10-22,M-05,Préventive,Moteur,10.1,1889.23,TECH-09,Courroie,En cours,import_initial,
817,2025-10-23,M-20,Prédictive,Compresseur,7.9,3602.85,TECH-06,Capteur,Terminée,import_initial,
818,2025-10-23,M-03,Préventive,Compresseur,9.5,7700.81,TECH-11,Filtre,Terminée,import_initial,
819,2025-10-23,M-19,Préventive,Moteur,6.5,293.11,TECH-09,Filtre,Terminée,import_initial,
820,2025-10-24,M-13,Préventive,Moteur,2.8,6759.85,TECH-04,Roulement,Terminée,import_initial,
821,2025-10-25,M-03,Prédictive,Presse,9.8,3445.51,TECH-13,Filtre,Terminée,import_initial,
822,2025-10-26,M-07,Corrective,Robot,8.5,487.58,TECH-07,Joint,Terminée,import_initial,
823,2025-10-26,M-09,Préventive,Pompe,10.8,6296.65,TECH-06,Joint,Terminée,import_initial,
824,2025-10-27,M-11,Préventive,Moteur,9.4,4228.75,TECH-10,Aucune,Terminée,import_initial,
825,2025-10-27,M-03,Prédictive,Compresseur,8.5,3881.37,TECH-05,Courroie,Terminée,import_initial,
826,2025-10-27,M-14,Préventive,Robot,8.1,2089.48,TECH-07,Joint,Terminée,import_initial,
827,2025-10-28,M-06,Préventive,Compresseur,10.9,1355.2,TECH-02,Capteur,Terminée,import_initial,
828,2025-10-29,M-06,Corrective,Pompe,6.2,4780.66,TECH-04,Courroie,Planifiée,import_initial,
829,2025-10-29,M-03,Préventive,Pompe,7.9,7273.21,TECH-07,Capteur,Terminée,import_initial,
830,2025-10-29,M-09,Corrective,Convoyeur,6.2,1772.04,TECH-13,Joint,Terminée,import_initial,
831,2025-10-29,M-04,Corrective,Robot,7.1,7233.6,TECH-08,Joint,Planifiée,import_initial,
832,2025-10-29,M-04,Préventive,Robot,7.0,4154.81,TECH-13,Courroie,Terminée,import_initial,
833,2025-10-30,M-01,Préventive,Pompe,3.7,3612.0,TECH-04,Roulement,Terminée,import_initial,
834,2025-10-30,M-01,Préventive,Convoyeur,4.8,4798.59,TECH-12,Joint,Terminée,import_initial,
835,2025-10-30,M-11,Préventive,Moteur,8.0,4445.26,TECH-08,Aucune,Planifiée,import_initial,
836,2025-10-30,M-17,Prédictive,Robot,10.0,3840.93,TECH-13,Filtre,Terminée,import_initial,
837,2025-10-31,M-05,Préventive,Compresseur,9.1,3922.4,TECH-10,Joint,Terminée,import_initial,
838,2025-10-31,M-12,Corrective,Presse,2.7,5821.45,TECH-01,Roulement,Terminée,import_initial,
839,2025-10-31,M-07,Préventive,Moteur,11.3,6817.72,TECH-13,Capteur,Terminée,import_initial,
840,2025-10-31,M-03,Préventive,Robot,5.1,2446.87,TECH-06,Courroie,Terminée,import_initial,
841,2025-10-31,M-10,Préventive,Moteur,5.2,2401.66,TECH-04,Capteur,Terminée,import_initial,
842,2025-11-01,M-16,Préventive,Moteur,4.0,2674.74,TECH-15,Filtre,Terminée,import_initial,
843,2025-11-01,M-05,Préventive,Robot,1.8,2302.49,TECH-08,Courroie,Terminée,import_initial,
844,2025-11-02,M-03,Corrective,Pompe,1.2,5014.47,TECH-02,Roulement,Terminée,import_initial,
845,2025-11-02,M-16,Préventive,Pompe,7.9,4771.85,TECH-04,Filtre,Terminée,import_initial,
846,2025-11-02,M-18,Préventive,Convoyeur,6.8,724.98,TECH-08,Aucune,Terminée,import_initial,
847,2025-11-03,M-01,Préventive,Pompe,6.8,4415.31,TECH-02,Capteur,Terminée,import_initial,
848,2025-11-03,M-03,Corrective,Robot,0.6,2718.29,TECH-12,Roulement,Terminée,import_initial,
849,2025-11-03,M-15,Corrective,Moteur,9.3,7448.68,TECH-08,Aucune,Terminée,import_initial,
850,2025-11-03,M-06,Prédictive,Moteur,3.4,982.12,TECH-12,Roulement,Terminée,import_initial,
851,2025-11-04,M-01,Préventive,Pompe,11.1,1548.35,TECH-05,Capteur,Terminée,import_initial,
852,2025-11-04,M-17,Préventive,Compresseur,8.0,6477.03,TECH-11,Joint,Terminée,import_initial,
853,2025-11-05,M-17,Corrective,Robot,4.1,5995.92,TECH-10,Capteur,Planifiée,import_initial,
854,2025-11-05,M-14,Corrective,Robot,9.2,2775.53,TECH-02,Roulement,Terminée,import_initial,
855,2025-11-05,M-16,Corrective,Pompe,8.6,1811.08,TECH-02,Courroie,Terminée,import_initial,
856,2025-11-05,M-02,Corrective,Moteur,5.3,3839.23,TECH-11,Filtre,Terminée,import_initial,
857,2025-11-06,M-17,Corrective,Pompe,2.6,,TECH-07,Roulement,Terminée,import_initial,
858,2025-11-06,M-10,Préventive,Robot,8.0,579.98,TECH-06,Capteur,En cours,import_initial,
859,2025-11-07,M-14,Préventive,Moteur,1.7,5645.08,TECH-15,Aucune,Terminée,import_initial,
860,2025-11-07,M-06,Corrective,Robot,10.5,2662.82,TECH-13,Roulement,Planifiée,import_initial,
861,2025-11-07,M-06,Préventive,Compresseur,7.7,5243.96,TECH-12,Joint,Terminée,import_initial,
862,2025-11-07,M-18,Prédictive,Presse,4.6,5578.7,TECH-08,Capteur,Terminée,import_initial,
863,2025-11-07,M-18,Prédictive,Convoyeur,3.6,6430.61,TECH-10,Capteur,Planifiée,import_initial,
864,2025-11-08,M-09,Préventive,Robot,4.7,6745.97,TECH-02,Roulement,Terminée,import_initial,
865,2025-11-08,M-10,Préventive,Pompe,10.6,6083.64,TECH-03,Filtre,Terminée,import_initial,
866,2025-11-08,M-09,Préventive,Robot,12.0,412.85,TECH-07,Capteur,Terminée,import_initial,
867,2025-11-09,M-08,Préventive,Pompe,11.9,2484.04,TECH-13,Joint,Planifiée,import_initial,
868,2025-11-09,M-17,Préventive,Presse,7.1,5397.28,TECH-01,Aucune,Terminée,import_initial,
869,2025-11-09,M-15,Corrective,Robot,3.9,7269.18,TECH-05,Aucune,Planifiée,import_initial,
870,2025-11-10,M-19,Préventive,Robot,1.1,4601.81,TECH-10,Capteur,Terminée,import_initial,
871,2025-11-10,M-19,Préventive,Presse,9.5,1942.13,TECH-10,Filtre,Terminée,import_initial,
872,2025-11-10,M-03,Préventive,Compresseur,11.3,4220.86,TECH-13,Roulement,Terminée,import_initial,
873,2025-11-11,M-14,Préventive,Moteur,2.7,3322.61,TECH-12,Roulement,Terminée,import_initial,
874,2025-11-12,M-13,Prédictive,Robot,6.3,6744.45,TECH-14,Capteur,Terminée,import_initial,
875,2025-11-12,M-14,Préventive,Pompe,8.4,4362.43,TECH-07,Capteur,En cours,import_initial,
876,2025-11-13,M-10,Corrective,Pompe,10.0,3471.23,TECH-01,Joint,Terminée,import_initial,
877,2025-11-13,M-07,Préventive,Presse,9.1,2041.67,TECH-08,Roulement,Terminée,import_initial,
878,2025-11-15,M-08,Préventive,Robot,10.4,2543.9,TECH-04,Joint,Terminée,import_initial,
879,2025-11-16,M-16,Préventive,Robot,2.2,7634.35,TECH-05,Courroie,Terminée,import_initial,
880,2025-11-16,M-12,Préventive,Convoyeur,1.5,5017.64,TECH-08,Filtre,En cours,import_initial,
881,2025-11-17,M-14,Préventive,Pompe,11.3,6414.61,TECH-09,Capteur,Planifiée,import_initial,
882,2025-11-17,M-01,Préventive,Robot,8.1,207.68,TECH-05,Courroie,En cours,import_initial,
883,2025-11-18,M-10,Préventive,Compresseur,11.4,2117.28,TECH-07,Capteur,Terminée,import_initial,
884,2025-11-19,M-05,Préventive,Presse,10.9,2294.1,TECH-12,Joint,Terminée,import_initial,
885,2025-11-20,M-18,Prédictive,Pompe,1.9,7992.46,TECH-05,Capteur,Terminée,import_initial,
886,2025-11-21,M-12,Corrective,Robot,4.8,1082.4,TECH-14,Aucune,Terminée,import_initial,
887,2025-11-21,M-02,Préventive,Compresseur,11.5,5685.24,TECH-13,Capteur,Planifiée,import_initial,
888,2025-11-22,M-18,Prédictive,Compresseur,1.7,7442.1,TECH-07,Roulement,Planifiée,import_initial,
889,2025-11-22,M-02,Préventive,Presse,6.5,371.52,TECH-15,Joint,Terminée,import_initial,
890,2025-11-22,M-13,Corrective,Pompe,2.5,7981.54,TECH-13,Joint,Terminée,import_initial,
891,2025-11-22,M-03,Préventive,Pompe,5.5,3584.66,TECH-02,Joint,Terminée,import_initial,
892,2025-11-23,M-03,Prédictive,Pompe,7.5,1376.49,,Joint,Terminée,import_initial,
893,2025-11-23,M-05,Préventive,Robot,1.7,2848.12,TECH-01,Filtre,Terminée,import_initial,
894,2025-11-24,M-05,Corrective,Convoyeur,4.2,5294.16,TECH-10,Courroie,Terminée,import_initial,
895,2025-11-24,M-07,Corrective,Robot,3.9,498.52,TECH-04,Capteur,Terminée,import_initial,
896,2025-11-24,M-20,Préventive,Convoyeur,10.3,5970.36,TECH-15,Courroie,Terminée,import_initial,
897,2025-11-24,M-18,Préventive,Moteur,7.4,1548.92,TECH-13,Roulement,Terminée,import_initial,
898,2025-11-25,M-06,Préventive,Compresseur,9.1,2333.57,TECH-03,Capteur,En cours,import_initial,
899,2025-11-26,M-07,Préventive,Moteur,11.0,6153.78,TECH-03,Joint,Terminée,import_initial,
900,2025-11-26,M-09,Préventive,Moteur,6.9,3880.38,TECH-15,Aucune,Terminée,import_initial,
901,2025-11-27,M-19,Préventive,Robot,1.0,6906.76,TECH-13,Capteur,Terminée,import_initial,
902,2025-11-27,M-04,Prédictive,Compresseur,2.9,7678.95,TECH-15,Capteur,Terminée,import_initial,
903,2025-11-28,M-10,Corrective,Presse,6.6,2065.89,TECH-10,Joint,Terminée,import_initial,
904,2025-11-28,M-17,Préventive,Moteur,2.3,4613.09,TECH-10,Aucune,Planifiée,import_initial,
905,2025-11-29,M-12,Corrective,Robot,6.5,6521.03,TECH-07,Filtre,Terminée,import_initial,
906,2025-11-30,M-18,Préventive,Robot,1.0,7041.62,TECH-13,Joint,Planifiée,import_initial,
907,2025-12-01,M-01,Préventive,Compresseur,7.4,3918.24,TECH-03,Aucune,Planifiée,import_initial,
908,2025-12-01,M-02,Préventive,Moteur,2.5,4302.44,TECH-11,Roulement,Terminée,import_initial,
909,2025-12-01,M-18,Corrective,Pompe,11.5,394.01,TECH-14,Aucune,Terminée,import_initial,
910,2025-12-01,M-09,Préventive,Robot,9.9,2577.61,TECH-05,Filtre,Terminée,import_initial,
911,2025-12-02,M-11,Préventive,Presse,1.4,4361.42,,Filtre,Terminée,import_initial,
912,2025-12-02,M-17,Préventive,Moteur,4.1,7936.38,TECH-04,Roulement,Planifiée,import_initial,
913,2025-12-02,M-06,Corrective,Presse,12.0,2899.84,TECH-05,Courroie,Terminée,import_initial,
914,2025-12-02,M-13,Préventive,Moteur,2.2,4605.27,TECH-11,Courroie,Terminée,import_initial,
915,2025-12-03,M-19,Préventive,Convoyeur,4.8,7255.71,TECH-07,Filtre,Terminée,import_initial,
916,2025-12-03,M-14,Corrective,Presse,6.5,5898.7,TECH-09,Courroie,En cours,import_initial,
917,2025-12-03,M-16,Prédictive,Moteur,7.6,5731.89,TECH-11,Roulement,Planifiée,import_initial,
918,2025-12-04,M-01,Corrective,Pompe,9.4,7678.36,TECH-06,Filtre,Terminée,import_initial,
919,2025-12-04,M-07,Préventive,Moteur,3.6,5267.9,TECH-13,Aucune,Terminée,import_initial,
920,2025-12-04,M-11,Corrective,Moteur,4.4,5246.29,TECH-06,Aucune,Terminée,import_initial,
921,2025-12-04,M-07,Prédictive,Convoyeur,4.1,7397.3,TECH-05,,En cours,import_initial,
922,2025-12-04,M-17,Prédictive,Presse,4.1,2102.22,,Courroie,Planifiée,import_initial,
923,2025-12-05,M-06,Prédictive,Presse,4.5,4403.51,TECH-12,Filtre,Terminée,import_initial,
924,2025-12-05,M-14,Corrective,Robot,1.5,5245.45,TECH-08,Courroie,Terminée,import_initial,
925,2025-12-05,M-19,Corrective,Presse,12.0,1860.02,TECH-08,Aucune,Terminée,import_initial,
926,2025-12-05,M-10,Préventive,Pompe,11.8,2816.35,TECH-14,Capteur,Planifiée,import_initial,
927,2025-12-05,M-17,Corrective,Pompe,7.7,3140.38,TECH-08,Joint,Terminée,import_initial,
928,2025-12-06,M-14,Préventive,Robot,6.9,4486.01,TECH-09,Capteur,Terminée,import_initial,
929,2025-12-06,M-15,Préventive,Presse,9.8,260.64,TECH-08,Joint,Terminée,import_initial,
930,2025-12-07,M-06,Préventive,Pompe,9.6,7840.03,TECH-04,Aucune,Terminée,import_initial,
931,2025-12-07,M-02,Préventive,Presse,2.6,1275.24,TECH-14,Capteur,En cours,import_initial,
932,2025-12-08,M-11,Corrective,Moteur,6.3,7205.71,TECH-03,Courroie,Terminée,import_initial,
933,2025-12-08,M-13,Préventive,Pompe,6.0,6563.04,TECH-09,Capteur,Terminée,import_initial,
934,2025-12-08,M-15,Préventive,Moteur,1.2,5687.78,TECH-05,Roulement,Terminée,import_initial,
935,2025-12-08,M-01,Prédictive,Pompe,11.1,4444.08,TECH-04,Filtre,Terminée,import_initial,
936,2025-12-08,M-06,Préventive,Moteur,1.6,7329.6,TECH-08,Joint,Terminée,import_initial,
937,2025-12-08,M-08,Corrective,Robot,6.1,4316.44,TECH-04,Courroie,Terminée,import_initial,
938,2025-12-09,M-09,Corrective,Robot,5.5,5533.77,TECH-07,Roulement,Terminée,import_initial,
939,2025-12-09,M-13,Corrective,Convoyeur,9.7,5942.18,TECH-13,Capteur,Planifiée,import_initial,
940,2025-12-09,M-01,Prédictive,Presse,8.5,7433.69,TECH-08,Courroie,Terminée,import_initial,
941,2025-12-10,M-04,Préventive,Convoyeur,7.0,4603.78,TECH-05,Roulement,Terminée,import_initial,
942,2025-12-10,M-19,Préventive,Robot,0.8,6161.05,TECH-14,Roulement,Terminée,import_initial,
943,2025-12-12,M-08,Corrective,Robot,8.5,6711.7,TECH-03,Capteur,Terminée,import_initial,
944,2025-12-12,M-01,Préventive,Pompe,4.3,4504.55,TECH-14,Aucune,Terminée,import_initial,
945,2025-12-12,M-07,Corrective,Compresseur,6.8,5746.16,TECH-11,Courroie,En cours,import_initial,
946,2025-12-12,M-03,Préventive,Moteur,6.6,3127.24,TECH-08,Roulement,Terminée,import_initial,
947,2025-12-13,M-17,Corrective,Robot,9.1,1523.1,TECH-10,Filtre,Terminée,import_initial,
948,2025-12-13,M-06,Corrective,Robot,4.8,6396.31,TECH-09,Courroie,Terminée,import_initial,
949,2025-12-13,M-02,Préventive,Presse,0.7,3233.93,TECH-15,Capteur,Planifiée,import_initial,
950,2025-12-13,M-01,Préventive,Moteur,1.3,2372.61,TECH-14,Capteur,Terminée,import_initial,
951,2025-12-14,M-09,Préventive,Convoyeur,1.0,2371.39,TECH-05,Courroie,Terminée,import_initial,
952,2025-12-14,M-16,Préventive,Moteur,11.8,7701.81,TECH-11,Courroie,Planifiée,import_initial,
953,2025-12-14,M-03,Corrective,Moteur,9.9,480.22,TECH-11,Courroie,Terminée,import_initial,
954,2025-12-15,M-20,Corrective,Pompe,9.7,865.38,TECH-10,Roulement,Terminée,import_initial,
955,2025-12-15,M-09,Corrective,Compresseur,9.0,332.83,TECH-11,Roulement,Terminée,import_initial,
956,2025-12-16,M-14,Corrective,Pompe,1.1,6569.86,TECH-06,Roulement,Terminée,import_initial,
957,2025-12-16,M-16,Préventive,Moteur,2.5,3951.88,TECH-07,Roulement,Terminée,import_initial,
958,2025-12-17,M-20,Prédictive,Pompe,10.4,3565.44,TECH-15,Filtre,Planifiée,import_initial,
959,2025-12-17,M-11,Prédictive,Convoyeur,10.6,6052.81,TECH-04,Aucune,Terminée,import_initial,
960,2025-12-17,M-06,Corrective,Robot,2.3,3489.57,TECH-12,Capteur,Terminée,import_initial,
961,2025-12-17,M-19,Corrective,Moteur,11.7,2821.03,TECH-05,Joint,Planifiée,import_initial,
962,2025-12-17,M-05,Prédictive,Robot,3.7,4586.41,TECH-10,Filtre,Terminée,import_initial,
963,2025-12-17,M-01,Corrective,Presse,6.2,5640.48,TECH-07,Capteur,En cours,import_initial,
964,2025-12-18,M-06,Corrective,Presse,5.0,6871.13,TECH-09,Joint,Terminée,import_initial,
965,2025-12-18,M-10,Corrective,Moteur,0.9,5299.23,TECH-13,Aucune,En cours,import_initial,
966,2025-12-18,M-05,Préventive,Robot,3.3,6837.16,TECH-04,Joint,Terminée,import_initial,
967,2025-12-18,M-13,Corrective,Pompe,10.5,3525.71,TECH-06,Aucune,Terminée,import_initial,
968,2025-12-18,M-13,Préventive,Presse,8.0,5531.9,TECH-06,Courroie,Planifiée,import_initial,
969,2025-12-19,M-05,Préventive,Robot,2.6,7335.31,TECH-08,Roulement,Terminée,import_initial,
970,2025-12-19,M-03,Corrective,Moteur,6.7,859.32,TECH-06,Filtre,Terminée,import_initial,
971,2025-12-20,M-05,Prédictive,Compresseur,9.2,4890.34,TECH-07,Joint,Terminée,import_initial,
972,2025-12-20,M-20,Corrective,Convoyeur,9.2,3641.96,TECH-10,Filtre,En cours,import_initial,
973,2025-12-20,M-15,Préventive,Robot,3.1,5410.23,TECH-10,Joint,Planifiée,import_initial,
974,2025-12-20,M-15,Corrective,Convoyeur,6.4,1597.9,TECH-05,Aucune,Terminée,import_initial,
975,2025-12-20,M-13,Corrective,Compresseur,3.3,4221.81,TECH-07,Roulement,En cours,import_initial,
976,2025-12-20,M-15,Corrective,Moteur,4.2,2055.82,TECH-08,Roulement,Terminée,import_initial,
977,2025-12-21,M-07,Préventive,Robot,12.0,4313.21,TECH-07,Courroie,En cours,import_initial,
978,2025-12-21,M-04,Préventive,Moteur,4.8,3846.97,TECH-12,Aucune,Terminée,import_initial,
979,2025-12-21,M-14,Corrective,Robot,0.7,502.79,TECH-05,Joint,Terminée,import_initial,
980,2025-12-22,M-18,Préventive,Robot,11.8,5825.03,TECH-07,Joint,Terminée,import_initial,
981,2025-12-22,M-16,Préventive,Pompe,11.8,723.37,TECH-07,Filtre,Terminée,import_initial,
982,2025-12-22,M-04,Préventive,Compresseur,8.3,3143.59,TECH-11,Capteur,Terminée,import_initial,
983,2025-12-23,M-16,Corrective,Robot,5.3,5702.05,TECH-06,Filtre,Terminée,import_initial,
984,2025-12-24,M-02,Préventive,Robot,0.9,1585.79,TECH-03,Roulement,En cours,import_initial,
985,2025-12-24,M-16,Corrective,Convoyeur,1.1,1332.62,TECH-13,Courroie,Planifiée,import_initial,
986,2025-12-24,M-15,Préventive,Moteur,0.8,5279.15,TECH-09,Capteur,Terminée,import_initial,
987,2025-12-24,M-01,Préventive,Presse,11.6,1613.67,TECH-03,Aucune,Terminée,import_initial,
988,2025-12-25,M-18,Préventive,Presse,8.7,2321.09,TECH-08,Filtre,Terminée,import_initial,
989,2025-12-26,M-10,Préventive,Presse,7.6,6651.33,TECH-08,Aucune,Terminée,import_initial,
990,2025-12-27,M-08,Corrective,Presse,7.3,3906.32,TECH-13,Capteur,Terminée,import_initial,
991,2025-12-28,M-18,Préventive,Moteur,3.2,5898.71,TECH-13,Aucune,Planifiée,import_initial,
992,2025-12-28,M-05,Corrective,Convoyeur,1.3,608.55,TECH-10,Joint,Terminée,import_initial,
993,2025-12-29,M-07,Préventive,Moteur,3.8,556.67,TECH-13,Courroie,Terminée,import_initial,
994,2025-12-29,M-10,Préventive,Presse,11.3,1876.14,TECH-02,Roulement,En cours,import_initial,
995,2025-12-30,M-12,Préventive,Compresseur,10.2,1819.5,TECH-11,Aucune,Terminée,import_initial,
996,2025-12-30,M-20,Préventive,Presse,1.3,5075.45,TECH-11,Joint,Terminée,import_initial,
997,2025-12-30,M-07,Préventive,Pompe,3.9,2220.72,TECH-04,Joint,En cours,import_initial,
998,2025-12-30,M-16,Corrective,Moteur,2.7,784.06,TECH-01,Filtre,Planifiée,import_initial,
999,2025-12-31,M-06,Corrective,Robot,4.1,3266.09,TECH-04,Capteur,Terminée,import_initial,
1000,2025-12-31,M-18,Préventive,Compresseur,4.9,1275.3,TECH-08,Aucune,Planifiée,import_initial,
